Unique Key,Created Date,Closed Date,Agency,Agency Name,Complaint Type,Descriptor,Location Type,Incident Zip,Incident Address,Street Name,Cross Street 1,Cross Street 2,Intersection Street 1,Intersection Street 2,Address Type,City,Landmark,Facility Type,Status,Due Date,Resolution Description,Resolution Action Updated Date,Community Board,Borough,X Coordinate (State Plane),Y Coordinate (State Plane),Park Facility Name,Park Borough,School Name,School Number,School Region,School Code,School Phone Number,School Address,School City,School State,School Zip,School Not Found,School or Citywide Complaint,Vehicle Type,Taxi Company Borough,Taxi Pick Up Location,Bridge Highway Name,Bridge Highway Direction,Road Ramp,Bridge Highway Segment,Garage Lot Name,Ferry Direction,Ferry Terminal Name,Latitude,Longitude,Location
31941771,11/09/2015 12:38:19 PM,11/09/2015 02:21:38 PM,NYPD,New York City Police Department,Traffic,Chronic Stoplight Violation,Street/Sidewalk,10027,,,,,TIEMANN PLACE,RIVERSIDE DRIVE,INTERSECTION,NEW YORK,,Precinct,Closed,11/09/2015 08:38:19 PM,The Police Department responded to the complaint and took action to fix the condition.,11/09/2015 02:21:38 PM,09 MANHATTAN,MANHATTAN,995167,236527,Unspecified,MANHATTAN,Unspecified,Unspecified,Unspecified,Unspecified,Unspecified,Unspecified,Unspecified,Unspecified,Unspecified,N,,,,,,,,,,,,40.8158809472464,-73.96055980708263,"(40.8158809472464, -73.96055980708263)"
31950923,11/10/2015 12:19:40 PM,11/10/2015 12:32:52 PM,NYPD,New York City Police Department,Traffic,Congestion/Gridlock,Street/Sidewalk,10075,2 AVENUE,2 AVENUE,EAST 78 STREET,EAST 79 STREET,,,BLOCKFACE,NEW YORK,,Precinct,Closed,11/10/2015 08:19:40 PM,Your request can not be processed at this time because of insufficient contact information. Please create a new Service Request on NYC.gov and provide more detailed contact information.,11/10/2015 12:32:52 PM,08 MANHATTAN,MANHATTAN,996629,220903,Unspecified,MANHATTAN,Unspecified,Unspecified,Unspecified,Unspecified,Unspecified,Unspecified,Unspecified,Unspecified,Unspecified,N,,,,,,,,,,,,40.77299537466459,-73.95530679318253,"(40.77299537466459, -73.95530679318253)"
31951868,11/10/2015 04:31:17 PM,11/10/2015 05:31:59 PM,NYPD,New York City Police Department,Traffic,Congestion/Gridlock,Street/Sidewalk,10021,YORK AVENUE,YORK AVENUE,EAST 70 STREET,EAST 71 STREET,,,BLOCKFACE,NEW YORK,,Precinct,Closed,11/11/2015 12:31:17 AM,The Police Department responded to the complaint and determined that police action was not necessary.,11/10/2015 05:31:59 PM,08 MANHATTAN,MANHATTAN,996860,218301,Unspecified,MANHATTAN,Unspecified,Unspecified,Unspecified,Unspecified,Unspecified,Unspecified,Unspecified,Unspecified,Unspecified,N,,,,,,,,,,,,40.76585323597401,-73.954477671709,"(40.76585323597401, -73.954477671709)"
31951869,11/10/2015 04:58:46 PM,11/10/2015 07:29:30 PM,NYPD,New York City Police Department,Traffic,Congestion/Gridlock,Street/Sidewalk,10019,322 WEST 57 STREET,WEST 57 STREET,8 AVENUE,9 AVENUE,,,ADDRESS,NEW YORK,,Precinct,Closed,11/11/2015 12:58:46 AM,The Police Department responded to the complaint and with the information available observed no evidence of the violation at that time.,11/10/2015 07:29:30 PM,04 MANHATTAN,MANHATTAN,988750,218744,Unspecified,MANHATTAN,Unspecified,Unspecified,Unspecified,Unspecified,Unspecified,Unspecified,Unspecified,Unspecified,Unspecified,N,,,,,,,,,,,,40.76707700429356,-73.98375462066865,"(40.76707700429356, -73.98375462066865)"
31953786,11/10/2015 04:27:18 PM,11/10/2015 05:31:59 PM,NYPD,New York City Police Department,Traffic,Congestion/Gridlock,Street/Sidewalk,10021,,,,,EAST   72 STREET,YORK AVENUE,INTERSECTION,NEW YORK,,Precinct,Closed,11/11/2015 12:27:18 AM,The Police Department responded to the complaint and determined that police action was not necessary.,11/10/2015 05:31:59 PM,08 MANHATTAN,MANHATTAN,997062,218665,Unspecified,MANHATTAN,Unspecified,Unspecified,Unspecified,Unspecified,Unspecified,Unspecified,Unspecified,Unspecified,Unspecified,N,,,,,,,,,,,,40.766852031168725,-73.9537477543563,"(40.766852031168725, -73.9537477543563)"
31955544,11/10/2015 03:47:28 PM,11/10/2015 04:00:20 PM,NYPD,New York City Police Department,Traffic,Congestion/Gridlock,Street/Sidewalk,10011,,,,,WEST   23 STREET,10 AVENUE,INTERSECTION,NEW YORK,,Precinct,Closed,11/10/2015 11:47:28 PM,The Police Department responded to the complaint and determined that police action was not necessary.,11/10/2015 04:00:20 PM,04 MANHATTAN,MANHATTAN,983095,211680,Unspecified,MANHATTAN,Unspecified,Unspecified,Unspecified,Unspecified,Unspecified,Unspecified,Unspecified,Unspecified,Unspecified,N,,,,,,,,,,,,40.74768919735952,-74.0041684338762,"(40.74768919735952, -74.0041684338762)"
31955646,11/10/2015 01:38:07 PM,11/10/2015 01:55:15 PM,NYPD,New York City Police Department,Traffic,Congestion/Gridlock,Street/Sidewalk,10065,,,,,EAST   63 STREET,2 AVENUE,INTERSECTION,NEW YORK,,Precinct,Closed,11/10/2015 09:38:07 PM,The Police Department responded to the complaint and took action to fix the condition.,11/10/2015 01:55:16 PM,08 MANHATTAN,MANHATTAN,994634,217302,Unspecified,MANHATTAN,Unspecified,Unspecified,Unspecified,Unspecified,Unspecified,Unspecified,Unspecified,Unspecified,Unspecified,N,,,,,,,,,,,,40.763114133956435,-73.96251511418777,"(40.763114133956435, -73.96251511418777)"
31956484,11/10/2015 12:56:14 PM,11/10/2015 01:07:27 PM,NYPD,New York City Police Department,Traffic,Chronic Stoplight Violation,Street/Sidewalk,10019,,,,,WEST   57 STREET,7 AVENUE,INTERSECTION,NEW YORK,,Precinct,Closed,11/10/2015 08:56:14 PM,The Police Department responded to the complaint and took action to fix the condition.,11/10/2015 01:07:27 PM,05 MANHATTAN,MANHATTAN,989780,218177,Unspecified,MANHATTAN,Unspecified,Unspecified,Unspecified,Unspecified,Unspecified,Unspecified,Unspecified,Unspecified,Unspecified,N,,,,,,,,,,,,40.76552015180097,-73.98003670045067,"(40.76552015180097, -73.98003670045067)"
31956507,11/10/2015 03:00:00 PM,11/10/2015 05:32:00 PM,NYPD,New York City Police Department,Traffic,Congestion/Gridlock,Street/Sidewalk,10021,,,,,EAST   72 STREET,YORK AVENUE,INTERSECTION,NEW YORK,,Precinct,Closed,11/10/2015 11:00:00 PM,The Police Department responded to the complaint and determined that police action was not necessary.,11/10/2015 05:32:00 PM,08 MANHATTAN,MANHATTAN,997062,218665,Unspecified,MANHATTAN,Unspecified,Unspecified,Unspecified,Unspecified,Unspecified,Unspecified,Unspecified,Unspecified,Unspecified,N,,,,,,,,,,,,40.766852031168725,-73.9537477543563,"(40.766852031168725, -73.9537477543563)"
31957389,11/10/2015 02:09:02 PM,11/10/2015 03:02:57 PM,NYPD,New York City Police Department,Traffic,Truck Route Violation,Street/Sidewalk,10016,PARK AVENUE,PARK AVENUE,EAST 32 STREET,EAST 33 STREET,,,BLOCKFACE,NEW YORK,,Precinct,Closed,11/10/2015 10:09:02 PM,The Police Department responded to the complaint and with the information available observed no evidence of the violation at that time.,11/10/2015 03:02:57 PM,05 MANHATTAN,MANHATTAN,,,Unspecified,MANHATTAN,Unspecified,Unspecified,Unspecified,Unspecified,Unspecified,Unspecified,Unspecified,Unspecified,Unspecified,N,,,,,,,,,,,,,,
31960490,11/11/2015 03:54:42 PM,11/11/2015 05:06:18 PM,NYPD,New York City Police Department,Traffic,Congestion/Gridlock,Street/Sidewalk,10036,,,,,WEST   42 STREET,6 AVENUE,INTERSECTION,NEW YORK,,Precinct,Closed,11/11/2015 11:54:42 PM,The Police Department responded to the complaint and determined that police action was not necessary.,11/11/2015 05:06:18 PM,05 MANHATTAN,MANHATTAN,988650,214286,Unspecified,MANHATTAN,Unspecified,Unspecified,Unspecified,Unspecified,Unspecified,Unspecified,Unspecified,Unspecified,Unspecified,N,,,,,,,,,,,,40.75484098916205,-73.98411854690194,"(40.75484098916205, -73.98411854690194)"
31960492,11/11/2015 12:37:33 PM,11/11/2015 02:44:43 PM,NYPD,New York City Police Department,Traffic,Congestion/Gridlock,Street/Sidewalk,10017,1 AVENUE,1 AVENUE,EAST 40 STREET,EAST 41 STREET,,,BLOCKFACE,NEW YORK,,Precinct,Closed,11/11/2015 08:37:33 PM,The Police Department responded to the complaint and took action to fix the condition.,11/11/2015 02:44:43 PM,06 MANHATTAN,MANHATTAN,992403,211728,Unspecified,MANHATTAN,Unspecified,Unspecified,Unspecified,Unspecified,Unspecified,Unspecified,Unspecified,Unspecified,Unspecified,N,,,,,,,,,,,,40.74781726226857,-73.97057549147195,"(40.74781726226857, -73.97057549147195)"
31960505,11/11/2015 12:03:22 PM,11/11/2015 01:15:36 PM,NYPD,New York City Police Department,Traffic,Congestion/Gridlock,Street/Sidewalk,10017,,,,,EAST   42 STREET,LEXINGTON AVENUE,INTERSECTION,NEW YORK,,Precinct,Closed,11/11/2015 08:03:22 PM,The Police Department responded to the complaint and took action to fix the condition.,11/11/2015 01:15:36 PM,05 MANHATTAN,MANHATTAN,990886,213048,Unspecified,MANHATTAN,Unspecified,Unspecified,Unspecified,Unspecified,Unspecified,Unspecified,Unspecified,Unspecified,Unspecified,N,,,,,,,,,,,,40.75144159778515,-73.97604910329608,"(40.75144159778515, -73.97604910329608)"
31960546,11/11/2015 05:16:42 PM,11/11/2015 05:59:48 PM,NYPD,New York City Police Department,Traffic,Congestion/Gridlock,Street/Sidewalk,10019,WEST 57 STREET,WEST 57 STREET,8 AVENUE,9 AVENUE,,,BLOCKFACE,NEW YORK,,Precinct,Closed,11/12/2015 01:16:42 AM,The Police Department responded to the complaint and took action to fix the condition.,11/11/2015 05:59:48 PM,04 MANHATTAN,MANHATTAN,988925,218490,Unspecified,MANHATTAN,Unspecified,Unspecified,Unspecified,Unspecified,Unspecified,Unspecified,Unspecified,Unspecified,Unspecified,N,,,,,,,,,,,,40.766379749287005,-73.98312303259907,"(40.766379749287005, -73.98312303259907)"
31961285,11/11/2015 06:49:12 PM,11/11/2015 10:53:12 PM,NYPD,New York City Police Department,Traffic,Congestion/Gridlock,Street/Sidewalk,10065,,,,,LEXINGTON AVENUE,EAST   63 STREET,INTERSECTION,NEW YORK,,Precinct,Closed,11/12/2015 02:49:12 AM,The Police Department responded and upon arrival those responsible for the condition were gone.,11/11/2015 10:53:12 PM,08 MANHATTAN,MANHATTAN,993569,217891,Unspecified,MANHATTAN,Unspecified,Unspecified,Unspecified,Unspecified,Unspecified,Unspecified,Unspecified,Unspecified,Unspecified,N,,,,,,,,,,,,40.764731973680775,-73.96635880834104,"(40.764731973680775, -73.96635880834104)"
31962604,11/11/2015 01:19:38 PM,11/11/2015 02:38:26 PM,NYPD,New York City Police Department,Traffic,Congestion/Gridlock,Street/Sidewalk,10010,,,,,GRAMERCY PARK NORTH,LEXINGTON AVENUE,INTERSECTION,NEW YORK,,Precinct,Closed,11/11/2015 09:19:38 PM,The Police Department responded to the complaint and with the information available observed no evidence of the violation at that time.,11/11/2015 02:38:26 PM,06 MANHATTAN,MANHATTAN,988220,208230,Unspecified,MANHATTAN,Unspecified,Unspecified,Unspecified,Unspecified,Unspecified,Unspecified,Unspecified,Unspecified,Unspecified,N,,,,,,,,,,,,40.738218992771266,-73.98567417277928,"(40.738218992771266, -73.98567417277928)"
31962605,11/11/2015 01:35:45 PM,11/11/2015 03:16:20 PM,NYPD,New York City Police Department,Traffic,Congestion/Gridlock,Street/Sidewalk,10018,,,,,WEST   37 STREET,WEST   38 STREET,INTERSECTION,NEW YORK,,Precinct,Closed,11/11/2015 09:35:45 PM,The Police Department responded to the complaint and with the information available observed no evidence of the violation at that time.,11/11/2015 03:16:20 PM,04 MANHATTAN,MANHATTAN,984212,215548,Unspecified,MANHATTAN,Unspecified,Unspecified,Unspecified,Unspecified,Unspecified,Unspecified,Unspecified,Unspecified,Unspecified,N,,,,,,,,,,,,40.75830595213619,-74.00013716513817,"(40.75830595213619, -74.00013716513817)"
31962667,11/11/2015 05:08:28 PM,11/11/2015 10:54:17 PM,NYPD,New York City Police Department,Traffic,Congestion/Gridlock,Street/Sidewalk,10065,,,,,EAST   65 STREET,5 AVENUE,INTERSECTION,NEW YORK,,Precinct,Closed,11/12/2015 01:08:28 AM,The Police Department responded and upon arrival those responsible for the condition were gone.,11/11/2015 10:54:17 PM,08 MANHATTAN,MANHATTAN,992482,219090,Unspecified,MANHATTAN,Unspecified,Unspecified,Unspecified,Unspecified,Unspecified,Unspecified,Unspecified,Unspecified,Unspecified,N,,,,,,,,,,,,40.768023997074046,-73.97028136310426,"(40.768023997074046, -73.97028136310426)"
31963293,11/11/2015 05:09:18 PM,11/11/2015 05:28:22 PM,NYPD,New York City Police Department,Traffic,Congestion/Gridlock,Street/Sidewalk,10036,WEST 45 STREET,WEST 45 STREET,8 AVENUE,9 AVENUE,,,BLOCKFACE,NEW YORK,,Precinct,Closed,11/12/2015 01:09:18 AM,The Police Department responded to the complaint and determined that police action was not necessary.,11/11/2015 05:28:22 PM,04 MANHATTAN,MANHATTAN,987072,216077,Unspecified,MANHATTAN,Unspecified,Unspecified,Unspecified,Unspecified,Unspecified,Unspecified,Unspecified,Unspecified,Unspecified,N,,,,,,,,,,,,40.75975747147533,-73.9898134616816,"(40.75975747147533, -73.9898134616816)"
31964004,11/12/2015 10:12:24 AM,11/12/2015 04:32:59 PM,NYPD,New York City Police Department,Traffic,Congestion/Gridlock,Street/Sidewalk,10019,,,,,WEST   56 STREET,BROADWAY,INTERSECTION,NEW YORK,,Precinct,Closed,11/12/2015 06:12:24 PM,The Police Department responded to the complaint and determined that police action was not necessary.,11/12/2015 04:32:59 PM,05 MANHATTAN,MANHATTAN,989239,218155,Unspecified,MANHATTAN,Unspecified,Unspecified,Unspecified,Unspecified,Unspecified,Unspecified,Unspecified,Unspecified,Unspecified,N,,,,,,,,,,,,40.76546008934449,-73.98198972667757,"(40.76546008934449, -73.98198972667757)"
31964818,11/12/2015 08:48:47 AM,11/12/2015 10:03:37 AM,NYPD,New York City Police Department,Traffic,Congestion/Gridlock,Street/Sidewalk,10037,,,,,PARK AVENUE,EAST  130 STREET,INTERSECTION,NEW YORK,,Precinct,Closed,11/12/2015 04:48:47 PM,The Police Department responded to the complaint and took action to fix the condition.,11/12/2015 10:03:37 AM,11 MANHATTAN,MANHATTAN,1001768,233740,Unspecified,MANHATTAN,Unspecified,Unspecified,Unspecified,Unspecified,Unspecified,Unspecified,Unspecified,Unspecified,Unspecified,N,,,,,,,,,,,,40.80822078632821,-73.93671944494388,"(40.80822078632821, -73.93671944494388)"
31965741,11/12/2015 11:24:51 AM,11/12/2015 11:50:14 AM,NYPD,New York City Police Department,Traffic,Congestion/Gridlock,Street/Sidewalk,10012,CROSBY STREET,CROSBY STREET,BROOME STREET,SPRING STREET,,,BLOCKFACE,NEW YORK,,Precinct,Closed,11/12/2015 07:24:51 PM,The Police Department responded to the complaint and with the information available observed no evidence of the violation at that time.,11/12/2015 11:50:14 AM,02 MANHATTAN,MANHATTAN,984664,202335,Unspecified,MANHATTAN,Unspecified,Unspecified,Unspecified,Unspecified,Unspecified,Unspecified,Unspecified,Unspecified,Unspecified,N,,,,,,,,,,,,40.72203954143662,-73.99850643511199,"(40.72203954143662, -73.99850643511199)"
31966529,11/12/2015 11:20:45 AM,11/12/2015 04:46:58 PM,NYPD,New York City Police Department,Traffic,Congestion/Gridlock,Highway,10021,,,,,,,,NEW YORK,,Precinct,Closed,11/12/2015 07:20:45 PM,The Police Department responded and upon arrival those responsible for the condition were gone.,11/12/2015 04:46:58 PM,08 MANHATTAN,MANHATTAN,997922,218678,Unspecified,MANHATTAN,Unspecified,Unspecified,Unspecified,Unspecified,Unspecified,Unspecified,Unspecified,Unspecified,Unspecified,N,,,,,FDR Dr,Southbound/Downtown,Ramp,East 71st St (Exit 13),,,,40.76688642460806,-73.95064306641594,"(40.76688642460806, -73.95064306641594)"
31966656,11/12/2015 02:42:35 PM,11/12/2015 04:44:47 PM,NYPD,New York City Police Department,Traffic,Congestion/Gridlock,Street/Sidewalk,10065,1 AVENUE,1 AVENUE,EAST 62 STREET,EAST 63 STREET,,,BLOCKFACE,NEW YORK,,Precinct,Closed,11/12/2015 10:42:35 PM,This complaint does not fall under the Police Department's jurisdiction.,11/12/2015 04:44:47 PM,08 MANHATTAN,MANHATTAN,995226,216823,Unspecified,MANHATTAN,Unspecified,Unspecified,Unspecified,Unspecified,Unspecified,Unspecified,Unspecified,Unspecified,Unspecified,N,,,,,,,,,,,,40.76179868718544,-73.96037885377716,"(40.76179868718544, -73.96037885377716)"
31971821,11/13/2015 09:51:21 AM,11/13/2015 02:04:51 PM,NYPD,New York City Police Department,Traffic,Truck Route Violation,Street/Sidewalk,10003,RUTHERFORD PLACE,RUTHERFORD PLACE,EAST 17 STREET,EAST 16 STREET,,,BLOCKFACE,NEW YORK,,Precinct,Closed,11/13/2015 05:51:21 PM,The Police Department responded to the complaint and with the information available observed no evidence of the violation at that time.,11/13/2015 02:04:51 PM,06 MANHATTAN,MANHATTAN,988529,206804,Unspecified,MANHATTAN,Unspecified,Unspecified,Unspecified,Unspecified,Unspecified,Unspecified,Unspecified,Unspecified,Unspecified,N,,,,,,,,,,,,40.734304830935876,-73.98456004689581,"(40.734304830935876, -73.98456004689581)"
31972401,11/13/2015 08:27:29 AM,11/13/2015 11:30:21 AM,NYPD,New York City Police Department,Traffic,Congestion/Gridlock,Street/Sidewalk,10065,,,,,EAST   62 STREET,3 AVENUE,INTERSECTION,NEW YORK,,Precinct,Closed,11/13/2015 04:27:29 PM,The Police Department responded to the complaint and determined that police action was not necessary.,11/13/2015 11:30:21 AM,08 MANHATTAN,MANHATTAN,993887,217417,Unspecified,MANHATTAN,Unspecified,Unspecified,Unspecified,Unspecified,Unspecified,Unspecified,Unspecified,Unspecified,Unspecified,N,,,,,,,,,,,,40.763430625127384,-73.96521152160896,"(40.763430625127384, -73.96521152160896)"
31974204,11/13/2015 09:33:35 AM,11/13/2015 01:31:28 PM,NYPD,New York City Police Department,Traffic,Congestion/Gridlock,Street/Sidewalk,10065,,,,,EAST   60 STREET,PARK AVENUE,INTERSECTION,NEW YORK,,Precinct,Closed,11/13/2015 05:33:35 PM,The Police Department responded to the complaint and determined that police action was not necessary.,11/13/2015 01:31:28 PM,08 MANHATTAN,MANHATTAN,992744,217459,Unspecified,MANHATTAN,Unspecified,Unspecified,Unspecified,Unspecified,Unspecified,Unspecified,Unspecified,Unspecified,Unspecified,N,,,,,,,,,,,,40.76354707633747,-73.96933756870735,"(40.76354707633747, -73.96933756870735)"
31974239,11/13/2015 08:51:03 AM,11/13/2015 01:59:29 PM,NYPD,New York City Police Department,Traffic,Congestion/Gridlock,Street/Sidewalk,10010,,,,,EAST   25 STREET,LEXINGTON AVENUE,INTERSECTION,NEW YORK,,Precinct,Closed,11/13/2015 04:51:03 PM,The Police Department responded to the complaint and with the information available observed no evidence of the violation at that time.,11/13/2015 01:59:29 PM,05 MANHATTAN,MANHATTAN,988736,209167,Unspecified,MANHATTAN,Unspecified,Unspecified,Unspecified,Unspecified,Unspecified,Unspecified,Unspecified,Unspecified,Unspecified,N,,,,,,,,,,,,40.7407905784571,-73.98381155127129,"(40.7407905784571, -73.98381155127129)"
31974756,11/13/2015 03:30:26 PM,11/13/2015 04:02:45 PM,NYPD,New York City Police Department,Traffic,Congestion/Gridlock,Street/Sidewalk,10036,,,,,WEST   43 STREET,11 AVENUE,INTERSECTION,NEW YORK,,Precinct,Closed,11/13/2015 11:30:26 PM,The Police Department responded to the complaint and with the information available observed no evidence of the violation at that time.,11/13/2015 04:02:45 PM,04 MANHATTAN,MANHATTAN,984854,216712,Unspecified,MANHATTAN,Unspecified,Unspecified,Unspecified,Unspecified,Unspecified,Unspecified,Unspecified,Unspecified,Unspecified,N,,,,,,,,,,,,40.76150081329756,-73.99781969164724,"(40.76150081329756, -73.99781969164724)"
31975715,11/13/2015 11:41:34 AM,11/13/2015 10:19:04 PM,NYPD,New York City Police Department,Traffic,Truck Route Violation,Street/Sidewalk,10065,EAST 62 STREET,EAST 62 STREET,3 AVENUE,2 AVENUE,,,BLOCKFACE,NEW YORK,,Precinct,Closed,11/13/2015 07:41:34 PM,The Police Department responded and upon arrival those responsible for the condition were gone.,11/13/2015 10:19:04 PM,08 MANHATTAN,MANHATTAN,994196,217245,Unspecified,MANHATTAN,Unspecified,Unspecified,Unspecified,Unspecified,Unspecified,Unspecified,Unspecified,Unspecified,Unspecified,N,,,,,,,,,,,,40.762958187246774,-73.96409632122314,"(40.762958187246774, -73.96409632122314)"
31976042,11/13/2015 02:50:10 PM,11/13/2015 03:43:14 PM,NYPD,New York City Police Department,Traffic,Congestion/Gridlock,Street/Sidewalk,10001,,,,,WEST   28 STREET,11 AVENUE,INTERSECTION,NEW YORK,,Precinct,Closed,11/13/2015 10:50:10 PM,The Police Department responded to the complaint and determined that police action was not necessary.,11/13/2015 03:43:14 PM,04 MANHATTAN,MANHATTAN,982942,213259,Unspecified,MANHATTAN,Unspecified,Unspecified,Unspecified,Unspecified,Unspecified,Unspecified,Unspecified,Unspecified,Unspecified,N,,,,,,,,,,,,40.7520231327207,-74.00472092314611,"(40.7520231327207, -74.00472092314611)"
31976397,11/13/2015 02:34:25 PM,11/13/2015 03:23:16 PM,NYPD,New York City Police Department,Traffic,Congestion/Gridlock,Street/Sidewalk,10016,,,,,FDR DRIVE,EAST   37 STREET,INTERSECTION,NEW YORK,,Precinct,Closed,11/13/2015 10:34:25 PM,The Police Department responded to the complaint and with the information available observed no evidence of the violation at that time.,11/13/2015 03:23:17 PM,06 MANHATTAN,MANHATTAN,992306,210768,Unspecified,MANHATTAN,Unspecified,Unspecified,Unspecified,Unspecified,Unspecified,Unspecified,Unspecified,Unspecified,Unspecified,N,,,,,,,,,,,,40.745182392222965,-73.97092671830791,"(40.745182392222965, -73.97092671830791)"
31976792,11/13/2015 09:37:19 AM,11/13/2015 11:50:23 AM,NYPD,New York City Police Department,Traffic,Congestion/Gridlock,Street/Sidewalk,10027,,,,,WEST  120 STREET,LENOX AVENUE,INTERSECTION,NEW YORK,,Precinct,Closed,11/13/2015 05:37:19 PM,The Police Department responded to the complaint and with the information available observed no evidence of the violation at that time.,11/13/2015 11:50:23 AM,10 MANHATTAN,MANHATTAN,998698,232414,Unspecified,MANHATTAN,Unspecified,Unspecified,Unspecified,Unspecified,Unspecified,Unspecified,Unspecified,Unspecified,Unspecified,N,,,,,,,,,,,,40.804586836572064,-73.94781210645304,"(40.804586836572064, -73.94781210645304)"
31976885,11/14/2015 06:39:32 PM,11/14/2015 10:48:41 PM,NYPD,New York City Police Department,Traffic,Congestion/Gridlock,Street/Sidewalk,10022,,,,,3 AVENUE,EAST   55 STREET,INTERSECTION,NEW YORK,,Precinct,Closed,11/15/2015 02:39:32 AM,The Police Department responded to the complaint and determined that police action was not necessary.,11/14/2015 10:48:41 PM,06 MANHATTAN,MANHATTAN,992982,215784,Unspecified,MANHATTAN,Unspecified,Unspecified,Unspecified,Unspecified,Unspecified,Unspecified,Unspecified,Unspecified,Unspecified,N,,,,,,,,,,,,40.758949399914954,-73.96848058993135,"(40.758949399914954, -73.96848058993135)"
31978502,11/14/2015 12:23:15 PM,11/14/2015 01:36:42 PM,NYPD,New York City Police Department,Traffic,Congestion/Gridlock,Street/Sidewalk,10023,,,,,WEST   65 STREET,BROADWAY,INTERSECTION,NEW YORK,,Precinct,Closed,11/14/2015 08:23:15 PM,The Police Department responded to the complaint and took action to fix the condition.,11/14/2015 01:36:42 PM,07 MANHATTAN,MANHATTAN,989181,220914,Unspecified,MANHATTAN,Unspecified,Unspecified,Unspecified,Unspecified,Unspecified,Unspecified,Unspecified,Unspecified,Unspecified,N,,,,,,,,,,,,40.773032859233346,-73.98219708225047,"(40.773032859233346, -73.98219708225047)"
31979949,11/14/2015 11:38:24 PM,11/15/2015 12:29:24 AM,NYPD,New York City Police Department,Traffic,Congestion/Gridlock,Street/Sidewalk,10003,,,,,EAST   15 STREET,5 AVENUE,INTERSECTION,NEW YORK,,Precinct,Closed,11/15/2015 07:38:24 AM,The Police Department responded and upon arrival those responsible for the condition were gone.,11/15/2015 12:29:24 AM,05 MANHATTAN,MANHATTAN,986157,207673,Unspecified,MANHATTAN,Unspecified,Unspecified,Unspecified,Unspecified,Unspecified,Unspecified,Unspecified,Unspecified,Unspecified,N,,,,,,,,,,,,40.73669085103913,-73.99311870885126,"(40.73669085103913, -73.99311870885126)"
31980027,11/14/2015 10:53:52 PM,11/14/2015 11:12:45 PM,NYPD,New York City Police Department,Traffic,Congestion/Gridlock,Street/Sidewalk,10003,,,,,EAST   13 STREET,5 AVENUE,INTERSECTION,NEW YORK,,Precinct,Closed,11/15/2015 06:53:52 AM,The Police Department responded to the complaint and determined that police action was not necessary.,11/14/2015 11:12:45 PM,02 MANHATTAN,MANHATTAN,985880,207171,Unspecified,MANHATTAN,Unspecified,Unspecified,Unspecified,Unspecified,Unspecified,Unspecified,Unspecified,Unspecified,Unspecified,N,,,,,,,,,,,,40.735313040368794,-73.9941183677841,"(40.735313040368794, -73.9941183677841)"
31981573,11/14/2015 02:23:24 PM,11/14/2015 03:14:08 PM,NYPD,New York City Police Department,Traffic,Congestion/Gridlock,Street/Sidewalk,10065,,,,,EAST   63 STREET,SECOND AVENUE,INTERSECTION,NEW YORK,,Precinct,Closed,11/14/2015 10:23:24 PM,The Police Department responded to the complaint and took action to fix the condition.,11/14/2015 03:14:08 PM,08 MANHATTAN,MANHATTAN,994634,217302,Unspecified,MANHATTAN,Unspecified,Unspecified,Unspecified,Unspecified,Unspecified,Unspecified,Unspecified,Unspecified,Unspecified,N,,,,,,,,,,,,40.763114133956435,-73.96251511418777,"(40.763114133956435, -73.96251511418777)"
31984534,11/14/2015 10:42:39 PM,11/15/2015 09:20:27 AM,NYPD,New York City Police Department,Traffic,Congestion/Gridlock,Highway,10021,,,,,,,,NEW YORK,,Precinct,Closed,11/15/2015 06:42:39 AM,The Police Department responded to the complaint and with the information available observed no evidence of the violation at that time.,11/15/2015 09:20:28 AM,08 MANHATTAN,MANHATTAN,998647,219721,Unspecified,MANHATTAN,Unspecified,Unspecified,Unspecified,Unspecified,Unspecified,Unspecified,Unspecified,Unspecified,Unspecified,N,,,,,FDR Dr,Northbound/Uptown,Roadway,East 61st St / East 63rd St (Exit 12) - East 96th St (Exit 14),,,,40.76974803729949,-73.94802352909336,"(40.76974803729949, -73.94802352909336)"
31984649,11/14/2015 03:59:14 PM,11/14/2015 05:54:11 PM,NYPD,New York City Police Department,Traffic,Congestion/Gridlock,Street/Sidewalk,10036,WEST 43 STREET,WEST 43 STREET,AVENUE OF THE AMERICAS,BROADWAY,,,BLOCKFACE,NEW YORK,,Precinct,Closed,11/14/2015 11:59:14 PM,The Police Department responded to the complaint and with the information available observed no evidence of the violation at that time.,11/14/2015 05:54:11 PM,05 MANHATTAN,MANHATTAN,988436,214726,Unspecified,MANHATTAN,Unspecified,Unspecified,Unspecified,Unspecified,Unspecified,Unspecified,Unspecified,Unspecified,Unspecified,N,,,,,,,,,,,,40.75604878107622,-73.98489068908108,"(40.75604878107622, -73.98489068908108)"
31987674,11/14/2015 03:46:23 PM,11/14/2015 04:17:36 PM,NYPD,New York City Police Department,Traffic,Congestion/Gridlock,Street/Sidewalk,10019,,,,,WEST   49 STREET,7 AVENUE,INTERSECTION,NEW YORK,,Precinct,Closed,11/14/2015 11:46:23 PM,The Police Department responded to the complaint and took action to fix the condition.,11/14/2015 04:17:36 PM,05 MANHATTAN,MANHATTAN,988757,216332,Unspecified,MANHATTAN,Unspecified,Unspecified,Unspecified,Unspecified,Unspecified,Unspecified,Unspecified,Unspecified,Unspecified,N,,,,,,,,,,,,40.76045668270954,-73.98373096728758,"(40.76045668270954, -73.98373096728758)"
31987675,11/14/2015 10:22:20 PM,11/14/2015 10:57:28 PM,NYPD,New York City Police Department,Traffic,Congestion/Gridlock,Street/Sidewalk,10065,,,,,FDR,EAST   60 STREET,INTERSECTION,NEW YORK,,Precinct,Closed,11/15/2015 06:22:20 AM,The Police Department responded and upon arrival those responsible for the condition were gone.,11/14/2015 10:57:28 PM,08 MANHATTAN,MANHATTAN,995721,215828,Unspecified,MANHATTAN,Unspecified,Unspecified,Unspecified,Unspecified,Unspecified,Unspecified,Unspecified,Unspecified,Unspecified,N,,,,,,,,,,,,40.759067039294806,-73.95859370165776,"(40.759067039294806, -73.95859370165776)"
31987829,11/14/2015 09:51:19 PM,11/15/2015 07:28:53 AM,NYPD,New York City Police Department,Traffic,Congestion/Gridlock,Street/Sidewalk,10009,424 EAST 11 STREET,EAST 11 STREET,1 AVENUE,AVENUE A,,,ADDRESS,NEW YORK,,Precinct,Closed,11/15/2015 05:51:19 AM,The Police Department responded to the complaint and took action to fix the condition.,11/15/2015 07:28:53 AM,03 MANHATTAN,MANHATTAN,988880,204895,Unspecified,MANHATTAN,Unspecified,Unspecified,Unspecified,Unspecified,Unspecified,Unspecified,Unspecified,Unspecified,Unspecified,N,,,,,,,,,,,,40.72906491743403,-73.98329484417721,"(40.72906491743403, -73.98329484417721)"
31989124,11/15/2015 05:45:58 PM,11/15/2015 06:07:43 PM,NYPD,New York City Police Department,Traffic,Congestion/Gridlock,Roadway Tunnel,10016,,,,,,,,NEW YORK,,Precinct,Closed,11/16/2015 01:45:58 AM,The Police Department responded to the complaint and determined that police action was not necessary.,11/15/2015 06:07:43 PM,06 MANHATTAN,MANHATTAN,989707,211979,Unspecified,MANHATTAN,Unspecified,Unspecified,Unspecified,Unspecified,Unspecified,Unspecified,Unspecified,Unspecified,Unspecified,N,,,,,Park Ave Tunnel - E 34th St./Grand Central,North Bound,N/A,N/A,,,,40.74850826878404,-73.98030526102217,"(40.74850826878404, -73.98030526102217)"
31989154,11/15/2015 01:51:18 PM,11/15/2015 07:00:14 PM,NYPD,New York City Police Department,Traffic,Chronic Stoplight Violation,Street/Sidewalk,10006,50 WEST STREET,WEST STREET,HUGH L CAREY TUNNEL APPROACH,RECTOR STREET,,,ADDRESS,NEW YORK,,Precinct,Closed,11/15/2015 09:51:18 PM,The Police Department responded to the complaint and determined that police action was not necessary.,11/15/2015 07:00:14 PM,01 MANHATTAN,MANHATTAN,979940,197211,Unspecified,MANHATTAN,Unspecified,Unspecified,Unspecified,Unspecified,Unspecified,Unspecified,Unspecified,Unspecified,Unspecified,N,,,,,,,,,,,,40.707974346336805,-74.01554566772062,"(40.707974346336805, -74.01554566772062)"
31991185,11/15/2015 04:50:31 PM,11/15/2015 06:39:24 PM,NYPD,New York City Police Department,Traffic,Congestion/Gridlock,Street/Sidewalk,10016,,,,,EAST   34 STREET,2 AVENUE,INTERSECTION,NEW YORK,,Precinct,Closed,11/16/2015 12:50:31 AM,The Police Department responded to the complaint and determined that police action was not necessary.,11/15/2015 06:39:24 PM,06 MANHATTAN,MANHATTAN,990933,210621,Unspecified,MANHATTAN,Unspecified,Unspecified,Unspecified,Unspecified,Unspecified,Unspecified,Unspecified,Unspecified,Unspecified,N,,,,,,,,,,,,40.74478005822341,-73.9758818809488,"(40.74478005822341, -73.9758818809488)"
31991291,11/15/2015 02:26:13 PM,11/15/2015 11:32:42 PM,NYPD,New York City Police Department,Traffic,Congestion/Gridlock,Street/Sidewalk,10282,102 NORTH END AVENUE,NORTH END AVENUE,VESEY STREET,VESEY STREET,,,ADDRESS,NEW YORK,,Precinct,Closed,11/15/2015 10:26:13 PM,The Police Department responded to the complaint and with the information available observed no evidence of the violation at that time.,11/15/2015 11:32:42 PM,01 MANHATTAN,MANHATTAN,979772,199702,Unspecified,MANHATTAN,Unspecified,Unspecified,Unspecified,Unspecified,Unspecified,Unspecified,Unspecified,Unspecified,Unspecified,N,,,,,,,,,,,,40.714811465583885,-74.01615328095208,"(40.714811465583885, -74.01615328095208)"
31991874,11/15/2015 04:38:10 PM,11/15/2015 07:01:18 PM,NYPD,New York City Police Department,Traffic,Congestion/Gridlock,Street/Sidewalk,10014,,,,,VARICK STREET,KING STREET,INTERSECTION,NEW YORK,,Precinct,Closed,11/16/2015 12:38:10 AM,The Police Department responded to the complaint and determined that police action was not necessary.,11/15/2015 07:01:18 PM,02 MANHATTAN,MANHATTAN,982746,204462,Unspecified,MANHATTAN,Unspecified,Unspecified,Unspecified,Unspecified,Unspecified,Unspecified,Unspecified,Unspecified,Unspecified,N,,,,,,,,,,,,40.72787752199459,-74.00542637290448,"(40.72787752199459, -74.00542637290448)"
31992676,11/15/2015 03:21:52 PM,11/15/2015 05:39:23 PM,NYPD,New York City Police Department,Traffic,Congestion/Gridlock,Street/Sidewalk,10011,WEST 22 STREET,WEST 22 STREET,7 AVENUE,8 AVENUE,,,BLOCKFACE,NEW YORK,,Precinct,Closed,11/15/2015 11:21:52 PM,The Police Department responded to the complaint and determined that police action was not necessary.,11/15/2015 05:39:23 PM,04 MANHATTAN,MANHATTAN,984928,210346,Unspecified,MANHATTAN,Unspecified,Unspecified,Unspecified,Unspecified,Unspecified,Unspecified,Unspecified,Unspecified,Unspecified,N,,,,,,,,,,,,40.74402775122771,-73.99755320965654,"(40.74402775122771, -73.99755320965654)"
31992677,11/15/2015 04:40:40 PM,11/15/2015 05:03:34 PM,NYPD,New York City Police Department,Traffic,Congestion/Gridlock,Street/Sidewalk,10022,,,,,EAST   58 STREET,3 AVENUE,INTERSECTION,NEW YORK,,Precinct,Closed,11/16/2015 12:40:40 AM,The Police Department responded to the complaint and with the information available observed no evidence of the violation at that time.,11/15/2015 05:03:34 PM,06 MANHATTAN,MANHATTAN,993393,216497,Unspecified,MANHATTAN,Unspecified,Unspecified,Unspecified,Unspecified,Unspecified,Unspecified,Unspecified,Unspecified,Unspecified,N,,,,,,,,,,,,40.76090598659047,-73.96699605676567,"(40.76090598659047, -73.96699605676567)"
31994109,11/15/2015 04:47:03 PM,11/15/2015 05:03:34 PM,NYPD,New York City Police Department,Traffic,Congestion/Gridlock,Street/Sidewalk,10022,,,,,EAST   58 STREET,3 AVENUE,INTERSECTION,NEW YORK,,Precinct,Closed,11/16/2015 12:47:03 AM,The Police Department responded to the complaint and with the information available observed no evidence of the violation at that time.,11/15/2015 05:03:34 PM,06 MANHATTAN,MANHATTAN,993393,216497,Unspecified,MANHATTAN,Unspecified,Unspecified,Unspecified,Unspecified,Unspecified,Unspecified,Unspecified,Unspecified,Unspecified,N,,,,,,,,,,,,40.76090598659047,-73.96699605676567,"(40.76090598659047, -73.96699605676567)"
32001992,11/16/2015 05:23:35 PM,11/16/2015 06:33:58 PM,NYPD,New York City Police Department,Traffic,Congestion/Gridlock,Street/Sidewalk,10017,,,,,EAST   43 STREET,LEXINGTON AVENUE,INTERSECTION,NEW YORK,,Precinct,Closed,11/17/2015 01:23:35 AM,The Police Department responded to the complaint and with the information available observed no evidence of the violation at that time.,11/16/2015 06:33:58 PM,06 MANHATTAN,MANHATTAN,991022,213294,Unspecified,MANHATTAN,Unspecified,Unspecified,Unspecified,Unspecified,Unspecified,Unspecified,Unspecified,Unspecified,Unspecified,N,,,,,,,,,,,,40.75211670240551,-73.97555799934946,"(40.75211670240551, -73.97555799934946)"
32002061,11/16/2015 08:43:02 AM,11/16/2015 05:11:08 PM,NYPD,New York City Police Department,Traffic,Congestion/Gridlock,Street/Sidewalk,10019,,,,,WEST   56 STREET,7 AVENUE,INTERSECTION,NEW YORK,,Precinct,Closed,11/16/2015 04:43:02 PM,The Police Department responded to the complaint and with the information available observed no evidence of the violation at that time.,11/16/2015 05:11:08 PM,05 MANHATTAN,MANHATTAN,989644,217930,Unspecified,MANHATTAN,Unspecified,Unspecified,Unspecified,Unspecified,Unspecified,Unspecified,Unspecified,Unspecified,Unspecified,N,,,,,,,,,,,,40.764842284666365,-73.98052785863408,"(40.764842284666365, -73.98052785863408)"
32002082,11/16/2015 05:42:51 PM,11/16/2015 06:31:52 PM,NYPD,New York City Police Department,Traffic,Congestion/Gridlock,Street/Sidewalk,10017,,,,,EAST   43 STREET,LEXINGTON AVENUE,INTERSECTION,NEW YORK,,Precinct,Closed,11/17/2015 01:42:51 AM,The Police Department responded to the complaint and with the information available observed no evidence of the violation at that time.,11/16/2015 06:31:53 PM,06 MANHATTAN,MANHATTAN,991022,213294,Unspecified,MANHATTAN,Unspecified,Unspecified,Unspecified,Unspecified,Unspecified,Unspecified,Unspecified,Unspecified,Unspecified,N,,,,,,,,,,,,40.75211670240551,-73.97555799934946,"(40.75211670240551, -73.97555799934946)"
32006341,11/17/2015 07:47:23 AM,11/17/2015 08:29:44 AM,NYPD,New York City Police Department,Traffic,Chronic Speeding,Street/Sidewalk,10006,,,,,BROOKLYN BATTERY TUNNEL ENTRANCE,HUGH L CAREY TUNNEL,INTERSECTION,NEW YORK,,Precinct,Closed,11/17/2015 03:47:23 PM,The Police Department responded to the complaint and took action to fix the condition.,11/17/2015 08:29:44 AM,01 MANHATTAN,MANHATTAN,980020,196231,Unspecified,MANHATTAN,Unspecified,Unspecified,Unspecified,Unspecified,Unspecified,Unspecified,Unspecified,Unspecified,Unspecified,N,,,,,,,,,,,,40.7052845162885,-74.01525650141534,"(40.7052845162885, -74.01525650141534)"
32010962,11/17/2015 11:52:16 AM,11/17/2015 12:13:36 PM,NYPD,New York City Police Department,Traffic,Congestion/Gridlock,Street/Sidewalk,10010,EAST 22 STREET,EAST 22 STREET,2 AVENUE,1 AVENUE,,,BLOCKFACE,NEW YORK,,Precinct,Closed,11/17/2015 07:52:16 PM,The Police Department responded to the complaint and with the information available observed no evidence of the violation at that time.,11/17/2015 12:13:36 PM,06 MANHATTAN,MANHATTAN,989738,207683,Unspecified,MANHATTAN,Unspecified,Unspecified,Unspecified,Unspecified,Unspecified,Unspecified,Unspecified,Unspecified,Unspecified,N,,,,,,,,,,,,40.73671680148823,-73.98019688473248,"(40.73671680148823, -73.98019688473248)"
32011996,11/18/2015 08:44:09 PM,11/18/2015 10:27:06 PM,NYPD,New York City Police Department,Traffic,Congestion/Gridlock,Street/Sidewalk,10065,,,,,1 AVENUE,EAST   63 STREET,INTERSECTION,NEW YORK,,Precinct,Closed,11/19/2015 04:44:09 AM,This complaint does not fall under the Police Department's jurisdiction.,11/18/2015 10:27:06 PM,08 MANHATTAN,MANHATTAN,995293,216935,Unspecified,MANHATTAN,Unspecified,Unspecified,Unspecified,Unspecified,Unspecified,Unspecified,Unspecified,Unspecified,Unspecified,N,,,,,,,,,,,,40.76210601492712,-73.96013681333878,"(40.76210601492712, -73.96013681333878)"
32012006,11/18/2015 02:54:54 PM,11/19/2015 12:21:58 AM,NYPD,New York City Police Department,Traffic,Congestion/Gridlock,Street/Sidewalk,10012,WEST 3 STREET,WEST 3 STREET,SULLIVAN STREET,MACDOUGAL STREET,,,BLOCKFACE,NEW YORK,,Precinct,Closed,11/18/2015 10:54:54 PM,The Police Department responded to the complaint and with the information available observed no evidence of the violation at that time.,11/19/2015 12:21:58 AM,02 MANHATTAN,MANHATTAN,984320,205324,Unspecified,MANHATTAN,Unspecified,Unspecified,Unspecified,Unspecified,Unspecified,Unspecified,Unspecified,Unspecified,Unspecified,N,,,,,,,,,,,,40.73024362902999,-73.999747433783,"(40.73024362902999, -73.999747433783)"
32013077,11/18/2015 03:26:30 PM,11/18/2015 06:41:44 PM,NYPD,New York City Police Department,Traffic,Congestion/Gridlock,Street/Sidewalk,10128,EAST 92 STREET,EAST 92 STREET,3 AVENUE,2 AVENUE,,,BLOCKFACE,NEW YORK,,Precinct,Closed,11/18/2015 11:26:30 PM,The Police Department responded and upon arrival those responsible for the condition were gone.,11/18/2015 06:41:44 PM,08 MANHATTAN,MANHATTAN,,,Unspecified,MANHATTAN,Unspecified,Unspecified,Unspecified,Unspecified,Unspecified,Unspecified,Unspecified,Unspecified,Unspecified,N,,,,,,,,,,,,,,
32015213,11/18/2015 09:21:45 PM,11/18/2015 09:32:50 PM,NYPD,New York City Police Department,Traffic,Congestion/Gridlock,Street/Sidewalk,10002,,,,,EAST HOUSTON STREET,2 AVENUE,INTERSECTION,NEW YORK,,Precinct,Closed,11/19/2015 05:21:45 AM,This complaint does not fall under the Police Department's jurisdiction.,11/18/2015 09:32:50 PM,03 MANHATTAN,MANHATTAN,986669,202951,Unspecified,MANHATTAN,Unspecified,Unspecified,Unspecified,Unspecified,Unspecified,Unspecified,Unspecified,Unspecified,Unspecified,N,,,,,,,,,,,,40.72372999134123,-73.99127288619906,"(40.72372999134123, -73.99127288619906)"
32016306,11/18/2015 05:54:52 PM,11/18/2015 06:45:57 PM,NYPD,New York City Police Department,Traffic,Congestion/Gridlock,Street/Sidewalk,10033,BROADWAY,BROADWAY,WEST 181 STREET,WEST 182 STREET,,,BLOCKFACE,NEW YORK,,Precinct,Closed,11/19/2015 01:54:52 AM,The Police Department reviewed your complaint and provided additional information below.,11/18/2015 06:45:57 PM,12 MANHATTAN,MANHATTAN,1002069,249133,Unspecified,MANHATTAN,Unspecified,Unspecified,Unspecified,Unspecified,Unspecified,Unspecified,Unspecified,Unspecified,Unspecified,N,,,,,,,,,,,,40.85046955161739,-73.93559125321276,"(40.85046955161739, -73.93559125321276)"
32017356,11/18/2015 12:53:08 PM,11/18/2015 01:01:50 PM,NYPD,New York City Police Department,Traffic,Congestion/Gridlock,Street/Sidewalk,10016,EAST 36 STREET,EAST 36 STREET,PARK AVENUE,LEXINGTON AVENUE,,,BLOCKFACE,NEW YORK,,Precinct,Closed,11/18/2015 08:53:08 PM,The Police Department responded to the complaint and determined that police action was not necessary.,11/18/2015 01:01:50 PM,06 MANHATTAN,MANHATTAN,989918,211795,Unspecified,MANHATTAN,Unspecified,Unspecified,Unspecified,Unspecified,Unspecified,Unspecified,Unspecified,Unspecified,Unspecified,N,,,,,,,,,,,,40.748003102371065,-73.97954390065522,"(40.748003102371065, -73.97954390065522)"
32017433,11/18/2015 09:51:32 AM,11/18/2015 10:17:01 AM,NYPD,New York City Police Department,Traffic,Congestion/Gridlock,Street/Sidewalk,10022,,,,,MADISON AVENUE,EAST   50 STREET,INTERSECTION,NEW YORK,,Precinct,Closed,11/18/2015 05:51:32 PM,The Police Department responded to the complaint and determined that police action was not necessary.,11/18/2015 10:17:01 AM,05 MANHATTAN,MANHATTAN,991012,215386,Unspecified,MANHATTAN,Unspecified,Unspecified,Unspecified,Unspecified,Unspecified,Unspecified,Unspecified,Unspecified,Unspecified,N,,,,,,,,,,,,40.757858717848386,-73.97559198819106,"(40.757858717848386, -73.97559198819106)"
32019573,11/18/2015 11:12:50 AM,11/18/2015 12:02:44 PM,NYPD,New York City Police Department,Traffic,Congestion/Gridlock,Street/Sidewalk,10128,EAST 93 STREET,EAST 93 STREET,2 AVENUE,1 AVENUE,,,BLOCKFACE,NEW YORK,,Precinct,Closed,11/18/2015 07:12:50 PM,The Police Department responded to the complaint and determined that police action was not necessary.,11/18/2015 12:02:44 PM,08 MANHATTAN,MANHATTAN,998840,224118,Unspecified,MANHATTAN,Unspecified,Unspecified,Unspecified,Unspecified,Unspecified,Unspecified,Unspecified,Unspecified,Unspecified,N,,,,,,,,,,,,40.7818163283501,-73.94731720795072,"(40.7818163283501, -73.94731720795072)"
32020468,11/19/2015 01:58:08 PM,11/19/2015 08:04:28 PM,NYPD,New York City Police Department,Traffic,Truck Route Violation,Street/Sidewalk,10021,,,,,EAST   73 STREET,PARK AVENUE,INTERSECTION,NEW YORK,,Precinct,Closed,11/19/2015 09:58:08 PM,The Police Department responded and upon arrival those responsible for the condition were gone.,11/19/2015 08:04:28 PM,08 MANHATTAN,MANHATTAN,994408,220461,Unspecified,MANHATTAN,Unspecified,Unspecified,Unspecified,Unspecified,Unspecified,Unspecified,Unspecified,Unspecified,Unspecified,N,,,,,,,,,,,,40.771785031556,-73.96332617034822,"(40.771785031556, -73.96332617034822)"
32023472,11/19/2015 06:41:18 AM,11/19/2015 07:50:47 AM,NYPD,New York City Police Department,Traffic,Congestion/Gridlock,Street/Sidewalk,10022,,,,,3 AVENUE,EAST   54 STREET,INTERSECTION,NEW YORK,,Precinct,Closed,11/19/2015 02:41:18 PM,The Police Department responded to the complaint and determined that police action was not necessary.,11/19/2015 07:50:47 AM,06 MANHATTAN,MANHATTAN,992856,215558,Unspecified,MANHATTAN,Unspecified,Unspecified,Unspecified,Unspecified,Unspecified,Unspecified,Unspecified,Unspecified,Unspecified,N,,,,,,,,,,,,40.75832921129653,-73.9689356943147,"(40.75832921129653, -73.9689356943147)"
32024408,11/19/2015 09:31:46 PM,11/19/2015 10:53:28 PM,NYPD,New York City Police Department,Traffic,Congestion/Gridlock,Roadway Tunnel,10028,,,,,,,,NEW YORK,,Precinct,Closed,11/20/2015 05:31:46 AM,The Police Department responded and upon arrival those responsible for the condition were gone.,11/19/2015 10:53:28 PM,08 MANHATTAN,MANHATTAN,999851,221261,Unspecified,MANHATTAN,Unspecified,Unspecified,Unspecified,Unspecified,Unspecified,Unspecified,Unspecified,Unspecified,Unspecified,N,,,,,FDR Southbound,South Bound,N/A,N/A,,,,40.77397289144732,-73.94367323916397,"(40.77397289144732, -73.94367323916397)"
32024425,11/19/2015 06:44:30 PM,11/19/2015 09:39:32 PM,NYPD,New York City Police Department,Traffic,Congestion/Gridlock,Street/Sidewalk,10036,,,,,WEST   44 STREET,11 AVENUE,INTERSECTION,NEW YORK,,Precinct,Closed,11/20/2015 02:44:30 AM,The Police Department responded to the complaint and with the information available observed no evidence of the violation at that time.,11/19/2015 09:39:32 PM,04 MANHATTAN,MANHATTAN,984974,216940,Unspecified,MANHATTAN,Unspecified,Unspecified,Unspecified,Unspecified,Unspecified,Unspecified,Unspecified,Unspecified,Unspecified,N,,,,,,,,,,,,40.762126605681814,-73.99738649324702,"(40.762126605681814, -73.99738649324702)"
32024436,11/19/2015 06:24:19 AM,11/19/2015 10:46:59 AM,NYPD,New York City Police Department,Traffic,Congestion/Gridlock,Street/Sidewalk,10065,,,,,3 AVENUE,EAST   63 STREET,INTERSECTION,NEW YORK,,Precinct,Closed,11/19/2015 02:24:19 PM,The Police Department responded to the complaint and with the information available observed no evidence of the violation at that time.,11/19/2015 10:46:59 AM,08 MANHATTAN,MANHATTAN,994013,217645,Unspecified,MANHATTAN,Unspecified,Unspecified,Unspecified,Unspecified,Unspecified,Unspecified,Unspecified,Unspecified,Unspecified,N,,,,,,,,,,,,40.764056288051485,-73.96475634478452,"(40.764056288051485, -73.96475634478452)"
32024574,11/19/2015 11:55:55 AM,11/19/2015 08:05:35 PM,NYPD,New York City Police Department,Traffic,Congestion/Gridlock,Street/Sidewalk,10065,,,,,EAST   68 STREET,YORK AVENUE,INTERSECTION,NEW YORK,,Precinct,Closed,11/19/2015 07:55:55 PM,The Police Department responded and upon arrival those responsible for the condition were gone.,11/19/2015 08:05:35 PM,08 MANHATTAN,MANHATTAN,996545,217731,Unspecified,MANHATTAN,Unspecified,Unspecified,Unspecified,Unspecified,Unspecified,Unspecified,Unspecified,Unspecified,Unspecified,N,,,,,,,,,,,,40.76428917713265,-73.95561586982379,"(40.76428917713265, -73.95561586982379)"
32025527,11/19/2015 06:34:11 PM,11/20/2015 04:53:03 AM,NYPD,New York City Police Department,Traffic,Truck Route Violation,Street/Sidewalk,10024,WEST END AVENUE,WEST END AVENUE,WEST 84 STREET,WEST 85 STREET,,,BLOCKFACE,NEW YORK,,Precinct,Closed,11/20/2015 02:34:11 AM,The Police Department responded to the complaint and took action to fix the condition.,11/20/2015 04:53:03 AM,07 MANHATTAN,MANHATTAN,990179,226324,Unspecified,MANHATTAN,Unspecified,Unspecified,Unspecified,Unspecified,Unspecified,Unspecified,Unspecified,Unspecified,Unspecified,N,,,,,,,,,,,,40.7878812636608,-73.97858912186105,"(40.7878812636608, -73.97858912186105)"
32026376,11/19/2015 05:50:16 PM,11/19/2015 06:07:06 PM,NYPD,New York City Police Department,Traffic,Congestion/Gridlock,Roadway Tunnel,10004,,,,,,,,NEW YORK,,Precinct,Closed,11/20/2015 01:50:16 AM,The Police Department responded to the complaint and determined that police action was not necessary.,11/19/2015 06:07:06 PM,01 MANHATTAN,MANHATTAN,979861,195076,Unspecified,MANHATTAN,Unspecified,Unspecified,Unspecified,Unspecified,Unspecified,Unspecified,Unspecified,Unspecified,Unspecified,N,,,,,Battery Park Underpass,To FDR/East Side,N/A,N/A,,,,40.70211423530455,-74.01582921995697,"(40.70211423530455, -74.01582921995697)"
32028414,11/20/2015 05:50:24 PM,11/20/2015 08:54:17 PM,NYPD,New York City Police Department,Traffic,Congestion/Gridlock,Street/Sidewalk,10037,,,,,EAST  131 STREET,MADISON AVENUE,INTERSECTION,NEW YORK,,Precinct,Closed,11/21/2015 01:50:24 AM,The Police Department responded to the complaint and with the information available observed no evidence of the violation at that time.,11/20/2015 08:54:17 PM,11 MANHATTAN,MANHATTAN,1001446,234215,Unspecified,MANHATTAN,Unspecified,Unspecified,Unspecified,Unspecified,Unspecified,Unspecified,Unspecified,Unspecified,Unspecified,N,,,,,,,,,,,,40.80952516204141,-73.93788139358821,"(40.80952516204141, -73.93788139358821)"
32028423,11/20/2015 03:24:42 PM,11/20/2015 10:18:22 PM,NYPD,New York City Police Department,Traffic,Congestion/Gridlock,Street/Sidewalk,10028,,,,,EAST   86 STREET,PARK AVENUE,INTERSECTION,NEW YORK,,Precinct,Closed,11/20/2015 11:24:42 PM,The Police Department responded to the complaint and determined that police action was not necessary.,11/20/2015 10:18:23 PM,08 MANHATTAN,MANHATTAN,996104,223519,Unspecified,MANHATTAN,Unspecified,Unspecified,Unspecified,Unspecified,Unspecified,Unspecified,Unspecified,Unspecified,Unspecified,N,,,,,,,,,,,,40.78017632519152,-73.95719764064765,"(40.78017632519152, -73.95719764064765)"
32029162,11/20/2015 10:36:52 PM,11/21/2015 01:23:37 AM,NYPD,New York City Police Department,Traffic,Congestion/Gridlock,Highway,10035,,,,,,,,NEW YORK,,Precinct,Closed,11/21/2015 06:36:52 AM,The Police Department responded to the complaint and took action to fix the condition.,11/21/2015 01:23:37 AM,11 MANHATTAN,MANHATTAN,1003066,232614,Unspecified,MANHATTAN,Unspecified,Unspecified,Unspecified,Unspecified,Unspecified,Unspecified,Unspecified,Unspecified,Unspecified,N,,,,,Harlem River Dr,South/Downtown,Ramp,E 125th St 2nd Ave (Exit 19),,,,40.80512755899129,-73.93203381626758,"(40.80512755899129, -73.93203381626758)"
32029983,11/20/2015 04:09:15 PM,11/21/2015 12:56:59 AM,NYPD,New York City Police Department,Traffic,Congestion/Gridlock,Street/Sidewalk,10013,,,,,HUDSON STREET,VESTRY STREET,INTERSECTION,NEW YORK,,Precinct,Closed,11/21/2015 12:09:15 AM,The Police Department responded to the complaint and with the information available observed no evidence of the violation at that time.,11/21/2015 12:56:59 AM,01 MANHATTAN,MANHATTAN,982000,202549,Unspecified,MANHATTAN,Unspecified,Unspecified,Unspecified,Unspecified,Unspecified,Unspecified,Unspecified,Unspecified,Unspecified,N,,,,,,,,,,,,40.72262664325238,-74.00811727199724,"(40.72262664325238, -74.00811727199724)"
32030158,11/20/2015 04:00:25 PM,11/20/2015 06:23:41 PM,NYPD,New York City Police Department,Traffic,Congestion/Gridlock,Street/Sidewalk,10031,,,,,WEST  144 STREET,CONVENT AVENUE,INTERSECTION,NEW YORK,,Precinct,Closed,11/21/2015 12:00:25 AM,The Police Department responded to the complaint and took action to fix the condition.,11/20/2015 06:23:41 PM,09 MANHATTAN,MANHATTAN,998998,239480,Unspecified,MANHATTAN,Unspecified,Unspecified,Unspecified,Unspecified,Unspecified,Unspecified,Unspecified,Unspecified,Unspecified,N,,,,,,,,,,,,40.82398053327086,-73.94671294479043,"(40.82398053327086, -73.94671294479043)"
32030817,11/20/2015 02:38:33 PM,11/20/2015 03:06:43 PM,NYPD,New York City Police Department,Traffic,Congestion/Gridlock,Street/Sidewalk,10027,,,,,WEST  125 STREET,12 AVENUE,INTERSECTION,NEW YORK,,Precinct,Closed,11/20/2015 10:38:33 PM,The Police Department responded to the complaint and took action to fix the condition.,11/20/2015 03:06:43 PM,09 MANHATTAN,MANHATTAN,995223,237284,Unspecified,MANHATTAN,Unspecified,Unspecified,Unspecified,Unspecified,Unspecified,Unspecified,Unspecified,Unspecified,Unspecified,N,,,,,,,,,,,,40.817958630280486,-73.9603562564288,"(40.817958630280486, -73.9603562564288)"
32030900,11/20/2015 08:32:31 AM,11/20/2015 09:10:00 AM,NYPD,New York City Police Department,Traffic,Chronic Stoplight Violation,Street/Sidewalk,10019,,,,,WEST   56 STREET,6 1/2 AVENUE,INTERSECTION,NEW YORK,,Precinct,Closed,11/20/2015 04:32:31 PM,The Police Department reviewed your complaint and provided additional information below.,11/20/2015 09:10:00 AM,05 MANHATTAN,MANHATTAN,989940,217770,Unspecified,MANHATTAN,Unspecified,Unspecified,Unspecified,Unspecified,Unspecified,Unspecified,Unspecified,Unspecified,Unspecified,N,,,,,,,,,,,,40.764402940430564,-73.97945944501168,"(40.764402940430564, -73.97945944501168)"
32032507,11/20/2015 12:19:39 PM,11/20/2015 03:24:19 PM,NYPD,New York City Police Department,Traffic,Congestion/Gridlock,Street/Sidewalk,10023,,,,,WEST   69 STREET,COLUMBUS AVENUE,INTERSECTION,NEW YORK,,Precinct,Closed,11/20/2015 08:19:39 PM,The Police Department responded to the complaint and determined that police action was not necessary.,11/20/2015 03:24:19 PM,07 MANHATTAN,MANHATTAN,989733,221806,Unspecified,MANHATTAN,Unspecified,Unspecified,Unspecified,Unspecified,Unspecified,Unspecified,Unspecified,Unspecified,Unspecified,N,,,,,,,,,,,,40.77548084020377,-73.9802034097426,"(40.77548084020377, -73.9802034097426)"
32034025,11/20/2015 09:35:56 AM,11/20/2015 12:05:59 PM,NYPD,New York City Police Department,Traffic,Congestion/Gridlock,Street/Sidewalk,10023,,,,,AMSTERDAM AVENUE,WEST   64 STREET,INTERSECTION,NEW YORK,,Precinct,Closed,11/20/2015 05:35:56 PM,The Police Department responded to the complaint and with the information available observed no evidence of the violation at that time.,11/20/2015 12:05:59 PM,07 MANHATTAN,MANHATTAN,988313,221095,Unspecified,MANHATTAN,Unspecified,Unspecified,Unspecified,Unspecified,Unspecified,Unspecified,Unspecified,Unspecified,Unspecified,N,,,,,,,,,,,,40.77353009843591,-73.98533080617457,"(40.77353009843591, -73.98533080617457)"
32034924,11/21/2015 06:25:15 PM,11/21/2015 06:39:06 PM,NYPD,New York City Police Department,Traffic,Congestion/Gridlock,Street/Sidewalk,10027,,,,,WEST  125 STREET,BROADWAY,INTERSECTION,NEW YORK,,Precinct,Closed,11/22/2015 02:25:15 AM,The Police Department responded to the complaint and took action to fix the condition.,11/21/2015 06:39:06 PM,09 MANHATTAN,MANHATTAN,995794,236458,Unspecified,MANHATTAN,Unspecified,Unspecified,Unspecified,Unspecified,Unspecified,Unspecified,Unspecified,Unspecified,Unspecified,N,,,,,,,,,,,,40.81569076449531,-73.95829474326734,"(40.81569076449531, -73.95829474326734)"
32038089,11/21/2015 08:07:17 AM,11/21/2015 11:16:49 AM,NYPD,New York City Police Department,Traffic,Congestion/Gridlock,Street/Sidewalk,10013,,,,,BROADWAY,WALKER STREET,INTERSECTION,NEW YORK,,Precinct,Closed,11/21/2015 04:07:17 PM,The Police Department reviewed your complaint and provided additional information below.,11/21/2015 11:16:49 AM,01 MANHATTAN,MANHATTAN,983546,201092,Unspecified,MANHATTAN,Unspecified,Unspecified,Unspecified,Unspecified,Unspecified,Unspecified,Unspecified,Unspecified,Unspecified,N,,,,,,,,,,,,40.718627787681314,-74.00253965182752,"(40.718627787681314, -74.00253965182752)"
32040040,11/21/2015 04:20:48 PM,11/21/2015 06:10:30 PM,NYPD,New York City Police Department,Traffic,Congestion/Gridlock,Street/Sidewalk,10022,,,,,1 AVENUE,EAST   59 STREET,INTERSECTION,NEW YORK,,Precinct,Closed,11/22/2015 12:20:48 AM,The Police Department responded to the complaint and with the information available observed no evidence of the violation at that time.,11/21/2015 06:10:30 PM,06 MANHATTAN,MANHATTAN,994787,216029,Unspecified,MANHATTAN,Unspecified,Unspecified,Unspecified,Unspecified,Unspecified,Unspecified,Unspecified,Unspecified,Unspecified,N,,,,,,,,,,,,40.759619895228845,-73.96196479954183,"(40.759619895228845, -73.96196479954183)"
32044028,11/22/2015 01:32:36 PM,11/22/2015 11:40:50 PM,NYPD,New York City Police Department,Traffic,Congestion/Gridlock,Street/Sidewalk,10006,50 WEST STREET,WEST STREET,HUGH L CAREY TUNNEL APPROACH,RECTOR STREET,,,ADDRESS,NEW YORK,,Precinct,Closed,11/22/2015 09:32:36 PM,The Police Department responded to the complaint and with the information available observed no evidence of the violation at that time.,11/22/2015 11:40:50 PM,01 MANHATTAN,MANHATTAN,979940,197211,Unspecified,MANHATTAN,Unspecified,Unspecified,Unspecified,Unspecified,Unspecified,Unspecified,Unspecified,Unspecified,Unspecified,N,,,,,,,,,,,,40.707974346336805,-74.01554566772062,"(40.707974346336805, -74.01554566772062)"
32044063,11/22/2015 07:45:25 PM,11/23/2015 12:01:58 AM,NYPD,New York City Police Department,Traffic,Congestion/Gridlock,Street/Sidewalk,10005,CEDAR STREET,CEDAR STREET,PEARL STREET,WILLIAM STREET,,,BLOCKFACE,NEW YORK,,Precinct,Closed,11/23/2015 03:45:25 AM,The Police Department responded to the complaint and with the information available observed no evidence of the violation at that time.,11/23/2015 12:01:58 AM,01 MANHATTAN,MANHATTAN,982063,196803,Unspecified,MANHATTAN,Unspecified,Unspecified,Unspecified,Unspecified,Unspecified,Unspecified,Unspecified,Unspecified,Unspecified,N,,,,,,,,,,,,40.70685526218837,-74.0078881216744,"(40.70685526218837, -74.0078881216744)"
32046703,11/22/2015 12:32:35 PM,11/22/2015 08:21:21 PM,NYPD,New York City Police Department,Traffic,Congestion/Gridlock,Roadway Tunnel,10004,,,,,,,,NEW YORK,,Precinct,Closed,11/22/2015 08:32:35 PM,The Police Department responded to the complaint and with the information available observed no evidence of the violation at that time.,11/22/2015 08:21:22 PM,01 MANHATTAN,MANHATTAN,979861,195076,Unspecified,MANHATTAN,Unspecified,Unspecified,Unspecified,Unspecified,Unspecified,Unspecified,Unspecified,Unspecified,Unspecified,N,,,,,Battery Park Underpass,To West St/West Side,N/A,N/A,,,,40.70211423530455,-74.01582921995697,"(40.70211423530455, -74.01582921995697)"
32047493,11/22/2015 06:15:45 PM,11/22/2015 11:38:37 PM,NYPD,New York City Police Department,Traffic,Congestion/Gridlock,Street/Sidewalk,10002,,,,,CANAL STREET,BOWERY,INTERSECTION,NEW YORK,,Precinct,Closed,11/23/2015 02:15:45 AM,The Police Department responded to the complaint and a report was prepared.,11/22/2015 11:38:37 PM,03 MANHATTAN,MANHATTAN,985343,200219,Unspecified,MANHATTAN,Unspecified,Unspecified,Unspecified,Unspecified,Unspecified,Unspecified,Unspecified,Unspecified,Unspecified,N,,,,,,,,,,,,40.71623157263993,-73.9960571879937,"(40.71623157263993, -73.9960571879937)"
32047494,11/22/2015 02:26:55 PM,11/22/2015 10:44:45 PM,NYPD,New York City Police Department,Traffic,Congestion/Gridlock,Street/Sidewalk,10013,,,,,WEST SIDE HIGHWAY,VESTRY STREET,INTERSECTION,NEW YORK,,Precinct,Closed,11/22/2015 10:26:55 PM,The Police Department responded to the complaint and with the information available observed no evidence of the violation at that time.,11/22/2015 10:44:45 PM,01 MANHATTAN,MANHATTAN,981034,202678,Unspecified,MANHATTAN,Unspecified,Unspecified,Unspecified,Unspecified,Unspecified,Unspecified,Unspecified,Unspecified,Unspecified,N,,,,,,,,,,,,40.72298041860117,-74.01160234904819,"(40.72298041860117, -74.01160234904819)"
32052584,11/23/2015 08:05:41 AM,11/23/2015 07:18:26 PM,NYPD,New York City Police Department,Traffic,Congestion/Gridlock,Street/Sidewalk,10021,,,,,EAST   72 STREET,YORK AVENUE,INTERSECTION,NEW YORK,,Precinct,Closed,11/23/2015 04:05:41 PM,The Police Department responded to the complaint and with the information available observed no evidence of the violation at that time.,11/23/2015 07:18:26 PM,08 MANHATTAN,MANHATTAN,997062,218665,Unspecified,MANHATTAN,Unspecified,Unspecified,Unspecified,Unspecified,Unspecified,Unspecified,Unspecified,Unspecified,Unspecified,N,,,,,,,,,,,,40.766852031168725,-73.9537477543563,"(40.766852031168725, -73.9537477543563)"
32055056,11/23/2015 09:42:53 AM,11/23/2015 02:07:47 PM,NYPD,New York City Police Department,Traffic,Chronic Speeding,Street/Sidewalk,10023,,,,,COLUMBUS AVENUE,BROADWAY,INTERSECTION,NEW YORK,,Precinct,Closed,11/23/2015 05:42:53 PM,The Police Department responded to the complaint and determined that police action was not necessary.,11/23/2015 02:07:47 PM,07 MANHATTAN,MANHATTAN,989182,220828,Unspecified,MANHATTAN,Unspecified,Unspecified,Unspecified,Unspecified,Unspecified,Unspecified,Unspecified,Unspecified,Unspecified,N,,,,,,,,,,,,40.77279681117479,-73.98219353495975,"(40.77279681117479, -73.98219353495975)"
32055108,11/23/2015 02:48:13 PM,11/23/2015 11:09:00 PM,NYPD,New York City Police Department,Traffic,Congestion/Gridlock,Street/Sidewalk,10075,EAST 79 STREET,EAST 79 STREET,PARK AVENUE,LEXINGTON AVENUE,,,BLOCKFACE,NEW YORK,,Precinct,Closed,11/23/2015 10:48:13 PM,The Police Department responded and upon arrival those responsible for the condition were gone.,11/23/2015 11:09:00 PM,08 MANHATTAN,MANHATTAN,995425,221733,Unspecified,MANHATTAN,Unspecified,Unspecified,Unspecified,Unspecified,Unspecified,Unspecified,Unspecified,Unspecified,Unspecified,N,,,,,,,,,,,,40.7752751109921,-73.9596523402143,"(40.7752751109921, -73.9596523402143)"
32059888,11/24/2015 05:46:07 PM,11/24/2015 09:54:14 PM,NYPD,New York City Police Department,Traffic,Congestion/Gridlock,Roadway Tunnel,10028,,,,,,,,NEW YORK,,Precinct,Closed,11/25/2015 01:46:07 AM,The Police Department responded to the complaint and took action to fix the condition.,11/24/2015 09:54:15 PM,08 MANHATTAN,MANHATTAN,999851,221261,Unspecified,MANHATTAN,Unspecified,Unspecified,Unspecified,Unspecified,Unspecified,Unspecified,Unspecified,Unspecified,Unspecified,N,,,,,FDR Southbound,North Bound,N/A,N/A,,,,40.77397289144732,-73.94367323916397,"(40.77397289144732, -73.94367323916397)"
32059970,11/24/2015 01:52:43 PM,,NYPD,New York City Police Department,Traffic,Congestion/Gridlock,Street/Sidewalk,10028,,,,,EAST   81 STREET,1 AVENUE,INTERSECTION,NEW YORK,,Precinct,Assigned,11/24/2015 09:52:43 PM,Your request can not be processed at this time because of insufficient contact information. Please create a new Service Request on NYC.gov and provide more detailed contact information.,11/24/2015 02:03:35 PM,08 MANHATTAN,MANHATTAN,997621,221144,Unspecified,MANHATTAN,Unspecified,Unspecified,Unspecified,Unspecified,Unspecified,Unspecified,Unspecified,Unspecified,Unspecified,N,,,,,,,,,,,,40.77365541162767,-73.95172479233456,"(40.77365541162767, -73.95172479233456)"
32059999,11/24/2015 07:02:27 PM,11/24/2015 09:54:16 PM,NYPD,New York City Police Department,Traffic,Congestion/Gridlock,Street/Sidewalk,10075,,,,,EAST   80 STREET,2 AVENUE,INTERSECTION,NEW YORK,,Precinct,Closed,11/25/2015 03:02:27 AM,The Police Department responded to the complaint and with the information available observed no evidence of the violation at that time.,11/24/2015 09:54:16 PM,08 MANHATTAN,MANHATTAN,996836,221277,Unspecified,MANHATTAN,Unspecified,Unspecified,Unspecified,Unspecified,Unspecified,Unspecified,Unspecified,Unspecified,Unspecified,N,,,,,,,,,,,,40.77402161430348,-73.95455873895823,"(40.77402161430348, -73.95455873895823)"
32060989,11/24/2015 09:53:54 PM,11/25/2015 12:10:36 AM,NYPD,New York City Police Department,Traffic,Congestion/Gridlock,Street/Sidewalk,10065,EAST 63 STREET,EAST 63 STREET,2 AVENUE,1 AVENUE,,,BLOCKFACE,NEW YORK,,Precinct,Closed,11/25/2015 05:53:54 AM,The Police Department responded to the complaint and determined that police action was not necessary.,11/25/2015 12:10:36 AM,08 MANHATTAN,MANHATTAN,994766,217227,Unspecified,MANHATTAN,Unspecified,Unspecified,Unspecified,Unspecified,Unspecified,Unspecified,Unspecified,Unspecified,Unspecified,N,,,,,,,,,,,,40.76290812226482,-73.9620387287897,"(40.76290812226482, -73.9620387287897)"
32062153,11/24/2015 09:43:26 PM,11/24/2015 10:58:20 PM,NYPD,New York City Police Department,Traffic,Congestion/Gridlock,Street/Sidewalk,10013,,,,,WEST STREET,CANAL STREET,INTERSECTION,NEW YORK,,Precinct,Closed,11/25/2015 05:43:26 AM,This complaint does not fall under the Police Department's jurisdiction.,11/24/2015 10:58:20 PM,01 MANHATTAN,MANHATTAN,981152,203476,Unspecified,MANHATTAN,Unspecified,Unspecified,Unspecified,Unspecified,Unspecified,Unspecified,Unspecified,Unspecified,Unspecified,N,,,,,,,,,,,,40.725170777266726,-74.01117700831195,"(40.725170777266726, -74.01117700831195)"
32064288,11/24/2015 07:05:13 PM,11/24/2015 08:25:38 PM,NYPD,New York City Police Department,Traffic,Congestion/Gridlock,Street/Sidewalk,10013,,,,,MERCER STREET,CANAL STREET,INTERSECTION,NEW YORK,,Precinct,Closed,11/25/2015 03:05:13 AM,This complaint does not fall under the Police Department's jurisdiction.,11/24/2015 08:25:38 PM,02 MANHATTAN,MANHATTAN,983529,201557,Unspecified,MANHATTAN,Unspecified,Unspecified,Unspecified,Unspecified,Unspecified,Unspecified,Unspecified,Unspecified,Unspecified,N,,,,,,,,,,,,40.71990409942778,-74.00260102845633,"(40.71990409942778, -74.00260102845633)"
32066559,11/24/2015 01:55:54 PM,11/24/2015 02:04:51 PM,NYPD,New York City Police Department,Traffic,Congestion/Gridlock,Street/Sidewalk,10128,,,,,EAST   96 STREET,FDR,INTERSECTION,NEW YORK,,Precinct,Closed,11/24/2015 09:55:54 PM,Your request can not be processed at this time because of insufficient contact information. Please create a new Service Request on NYC.gov and provide more detailed contact information.,11/24/2015 02:04:51 PM,08 MANHATTAN,MANHATTAN,999743,224537,Unspecified,MANHATTAN,Unspecified,Unspecified,Unspecified,Unspecified,Unspecified,Unspecified,Unspecified,Unspecified,Unspecified,N,,,,,,,,,,,,40.782964835118385,-73.94405561464147,"(40.782964835118385, -73.94405561464147)"
32067616,11/25/2015 02:55:06 PM,11/26/2015 02:28:10 AM,NYPD,New York City Police Department,Traffic,Congestion/Gridlock,Street/Sidewalk,10040,,,,,ST NICHOLAS AVENUE,FT GEORGE AVENUE,INTERSECTION,NEW YORK,,Precinct,Closed,11/25/2015 10:55:06 PM,The Police Department responded to the complaint and with the information available observed no evidence of the violation at that time.,11/26/2015 02:28:10 AM,12 MANHATTAN,MANHATTAN,1004094,251444,Unspecified,MANHATTAN,Unspecified,Unspecified,Unspecified,Unspecified,Unspecified,Unspecified,Unspecified,Unspecified,Unspecified,N,,,,,,,,,,,,40.85680823776297,-73.92826482905474,"(40.85680823776297, -73.92826482905474)"
32067620,11/25/2015 05:11:33 PM,11/25/2015 07:31:53 PM,NYPD,New York City Police Department,Traffic,Congestion/Gridlock,Street/Sidewalk,10014,,,,,CLARKSON STREET,VARICK STREET,INTERSECTION,NEW YORK,,Precinct,Closed,11/26/2015 01:11:33 AM,The Police Department responded to the complaint and with the information available observed no evidence of the violation at that time.,11/25/2015 07:31:53 PM,02 MANHATTAN,MANHATTAN,982802,204993,Unspecified,MANHATTAN,Unspecified,Unspecified,Unspecified,Unspecified,Unspecified,Unspecified,Unspecified,Unspecified,Unspecified,N,,,,,,,,,,,,40.72933499672677,-74.00522444136838,"(40.72933499672677, -74.00522444136838)"
32070168,11/25/2015 01:32:29 PM,11/25/2015 03:21:05 PM,NYPD,New York City Police Department,Traffic,Truck Route Violation,Street/Sidewalk,10011,WEST 16 STREET,WEST 16 STREET,6 AVENUE,7 AVENUE,,,BLOCKFACE,NEW YORK,,Precinct,Closed,11/25/2015 09:32:29 PM,The Police Department responded to the complaint and with the information available observed no evidence of the violation at that time.,11/25/2015 03:21:06 PM,04 MANHATTAN,MANHATTAN,985000,208617,Unspecified,MANHATTAN,Unspecified,Unspecified,Unspecified,Unspecified,Unspecified,Unspecified,Unspecified,Unspecified,Unspecified,N,,,,,,,,,,,,40.739282071047704,-73.99729356629719,"(40.739282071047704, -73.99729356629719)"
32072165,11/25/2015 03:34:48 PM,11/25/2015 06:23:48 PM,NYPD,New York City Police Department,Traffic,Congestion/Gridlock,Street/Sidewalk,10036,,,,,11 AVENUE,WEST   44 STREET,INTERSECTION,NEW YORK,,Precinct,Closed,11/25/2015 11:34:48 PM,The Police Department responded to the complaint and took action to fix the condition.,11/25/2015 06:23:48 PM,04 MANHATTAN,MANHATTAN,984974,216940,Unspecified,MANHATTAN,Unspecified,Unspecified,Unspecified,Unspecified,Unspecified,Unspecified,Unspecified,Unspecified,Unspecified,N,,,,,,,,,,,,40.762126605681814,-73.99738649324702,"(40.762126605681814, -73.99738649324702)"
32072936,11/25/2015 02:39:56 PM,11/26/2015 02:28:09 AM,NYPD,New York City Police Department,Traffic,Congestion/Gridlock,Street/Sidewalk,10040,11 FORT GEORGE HILL,FORT GEORGE HILL,FAIRVIEW AVENUE,HIGHBRIDGE PARK BOUNDARY,,,ADDRESS,NEW YORK,,Precinct,Closed,11/25/2015 10:39:56 PM,The Police Department responded to the complaint and with the information available observed no evidence of the violation at that time.,11/26/2015 02:28:09 AM,12 MANHATTAN,MANHATTAN,1004217,251675,Unspecified,MANHATTAN,Unspecified,Unspecified,Unspecified,Unspecified,Unspecified,Unspecified,Unspecified,Unspecified,Unspecified,N,,,,,,,,,,,,40.8574419860873,-73.92781950167755,"(40.8574419860873, -73.92781950167755)"
32072959,11/25/2015 09:02:18 PM,11/25/2015 09:41:37 PM,NYPD,New York City Police Department,Traffic,Chronic Speeding,Street/Sidewalk,10023,WEST 63 STREET,WEST 63 STREET,CENTRAL PARK WEST,BROADWAY,,,BLOCKFACE,NEW YORK,,Precinct,Closed,11/26/2015 05:02:18 AM,The Police Department responded to the complaint and with the information available observed no evidence of the violation at that time.,11/25/2015 09:41:37 PM,07 MANHATTAN,MANHATTAN,989491,220150,Unspecified,MANHATTAN,Unspecified,Unspecified,Unspecified,Unspecified,Unspecified,Unspecified,Unspecified,Unspecified,Unspecified,N,,,,,,,,,,,,40.770935700460605,-73.98107845188294,"(40.770935700460605, -73.98107845188294)"
32074692,11/26/2015 01:02:10 PM,11/26/2015 01:22:16 PM,NYPD,New York City Police Department,Traffic,Congestion/Gridlock,Street/Sidewalk,10013,,,,,HUDSON STREET,HUBERT STREET,INTERSECTION,NEW YORK,,Precinct,Closed,11/26/2015 09:02:10 PM,The Police Department responded to the complaint and took action to fix the condition.,11/26/2015 01:22:16 PM,01 MANHATTAN,MANHATTAN,981937,202074,Unspecified,MANHATTAN,Unspecified,Unspecified,Unspecified,Unspecified,Unspecified,Unspecified,Unspecified,Unspecified,Unspecified,N,,,,,,,,,,,,40.721322866775374,-74.00834439237221,"(40.721322866775374, -74.00834439237221)"
32074695,11/26/2015 03:21:40 PM,11/26/2015 05:11:12 PM,NYPD,New York City Police Department,Traffic,Congestion/Gridlock,Street/Sidewalk,10013,,,,,VARICK STREET,VAN DAM STREET,INTERSECTION,NEW YORK,,Precinct,Closed,11/26/2015 11:21:40 PM,The Police Department responded to the complaint and with the information available observed no evidence of the violation at that time.,11/26/2015 05:11:12 PM,02 MANHATTAN,MANHATTAN,982682,203937,Unspecified,MANHATTAN,Unspecified,Unspecified,Unspecified,Unspecified,Unspecified,Unspecified,Unspecified,Unspecified,Unspecified,N,,,,,,,,,,,,40.726436513743664,-74.00565716006021,"(40.726436513743664, -74.00565716006021)"
32074696,11/26/2015 01:20:44 PM,11/26/2015 01:35:57 PM,NYPD,New York City Police Department,Traffic,Congestion/Gridlock,Street/Sidewalk,10013,,,,,WEST SIDE HIGHWAY,CANAL STREET,INTERSECTION,NEW YORK,,Precinct,Closed,11/26/2015 09:20:44 PM,The Police Department responded to the complaint and took action to fix the condition.,11/26/2015 01:35:57 PM,01 MANHATTAN,MANHATTAN,981152,203476,Unspecified,MANHATTAN,Unspecified,Unspecified,Unspecified,Unspecified,Unspecified,Unspecified,Unspecified,Unspecified,Unspecified,N,,,,,,,,,,,,40.725170777266726,-74.01117700831195,"(40.725170777266726, -74.01117700831195)"
32074697,11/26/2015 01:44:14 PM,11/26/2015 02:10:30 PM,NYPD,New York City Police Department,Traffic,Congestion/Gridlock,Street/Sidewalk,10013,,,,,CANAL STREET,WEST STREET,INTERSECTION,NEW YORK,,Precinct,Closed,11/26/2015 09:44:14 PM,The Police Department responded to the complaint and took action to fix the condition.,11/26/2015 02:10:30 PM,01 MANHATTAN,MANHATTAN,981152,203476,Unspecified,MANHATTAN,Unspecified,Unspecified,Unspecified,Unspecified,Unspecified,Unspecified,Unspecified,Unspecified,Unspecified,N,,,,,,,,,,,,40.725170777266726,-74.01117700831195,"(40.725170777266726, -74.01117700831195)"
32074708,11/26/2015 01:54:22 PM,11/26/2015 02:33:37 PM,NYPD,New York City Police Department,Traffic,Congestion/Gridlock,Street/Sidewalk,10013,,,,,CANAL STREET,CENTRE STREET,INTERSECTION,NEW YORK,,Precinct,Closed,11/26/2015 09:54:22 PM,The Police Department responded to the complaint and determined that police action was not necessary.,11/26/2015 02:33:37 PM,01 MANHATTAN,MANHATTAN,984262,200870,Unspecified,MANHATTAN,Unspecified,Unspecified,Unspecified,Unspecified,Unspecified,Unspecified,Unspecified,Unspecified,Unspecified,N,,,,,,,,,,,,40.71801847902286,-73.99995671087599,"(40.71801847902286, -73.99995671087599)"
32075289,11/26/2015 02:51:46 PM,11/26/2015 03:19:19 PM,NYPD,New York City Police Department,Traffic,Congestion/Gridlock,Street/Sidewalk,10013,,,,,WEST SIDE HIGHWAY,CANAL STREET,INTERSECTION,NEW YORK,,Precinct,Closed,11/26/2015 10:51:46 PM,The Police Department responded to the complaint and took action to fix the condition.,11/26/2015 03:19:19 PM,01 MANHATTAN,MANHATTAN,981194,203703,Unspecified,MANHATTAN,Unspecified,Unspecified,Unspecified,Unspecified,Unspecified,Unspecified,Unspecified,Unspecified,Unspecified,N,,,,,,,,,,,,40.725793851729485,-74.01102558319987,"(40.725793851729485, -74.01102558319987)"
32075308,11/26/2015 01:23:06 PM,11/26/2015 01:38:04 PM,NYPD,New York City Police Department,Traffic,Congestion/Gridlock,Street/Sidewalk,10013,,,,,WEST STREET,CANAL STREET,INTERSECTION,NEW YORK,,Precinct,Closed,11/26/2015 09:23:06 PM,The Police Department responded to the complaint and took action to fix the condition.,11/26/2015 01:38:04 PM,01 MANHATTAN,MANHATTAN,981152,203476,Unspecified,MANHATTAN,Unspecified,Unspecified,Unspecified,Unspecified,Unspecified,Unspecified,Unspecified,Unspecified,Unspecified,N,,,,,,,,,,,,40.725170777266726,-74.01117700831195,"(40.725170777266726, -74.01117700831195)"
32075326,11/26/2015 01:49:57 PM,11/26/2015 02:12:35 PM,NYPD,New York City Police Department,Traffic,Congestion/Gridlock,Street/Sidewalk,10014,,,,,VARICK STREET,WEST HOUSTON STREET,INTERSECTION,NEW YORK,,Precinct,Closed,11/26/2015 09:49:57 PM,The Police Department responded to the complaint and with the information available observed no evidence of the violation at that time.,11/26/2015 02:12:35 PM,02 MANHATTAN,MANHATTAN,982777,204727,Unspecified,MANHATTAN,Unspecified,Unspecified,Unspecified,Unspecified,Unspecified,Unspecified,Unspecified,Unspecified,Unspecified,N,,,,,,,,,,,,40.728604887563456,-74.00531458413064,"(40.728604887563456, -74.00531458413064)"
32075828,11/26/2015 02:46:03 PM,11/26/2015 03:06:39 PM,NYPD,New York City Police Department,Traffic,Congestion/Gridlock,Roadway Tunnel,10006,,,,,,,,NEW YORK,,Precinct,Closed,11/26/2015 10:46:03 PM,The Police Department responded to the complaint and took action to fix the condition.,11/26/2015 03:06:39 PM,01 MANHATTAN,MANHATTAN,979943,197079,Unspecified,MANHATTAN,Unspecified,Unspecified,Unspecified,Unspecified,Unspecified,Unspecified,Unspecified,Unspecified,Unspecified,N,,,,,West Street,South Bound,N/A,N/A,,,,40.707612039013526,-74.0155347626359,"(40.707612039013526, -74.0155347626359)"
32075866,11/26/2015 04:56:18 PM,11/26/2015 05:38:21 PM,NYPD,New York City Police Department,Traffic,Congestion/Gridlock,Street/Sidewalk,10013,,,,,LEONARD STREET,HUDSON STREET,INTERSECTION,NEW YORK,,Precinct,Closed,11/27/2015 12:56:18 AM,The Police Department responded to the complaint and with the information available observed no evidence of the violation at that time.,11/26/2015 05:38:21 PM,01 MANHATTAN,MANHATTAN,981825,201238,Unspecified,MANHATTAN,Unspecified,Unspecified,Unspecified,Unspecified,Unspecified,Unspecified,Unspecified,Unspecified,Unspecified,N,,,,,,,,,,,,40.71902821822473,-74.0087481430296,"(40.71902821822473, -74.0087481430296)"
32075868,11/26/2015 01:47:44 PM,11/26/2015 02:10:31 PM,NYPD,New York City Police Department,Traffic,Congestion/Gridlock,Street/Sidewalk,10013,,,,,6 AVENUE,WATTS STREET,INTERSECTION,NEW YORK,,Precinct,Closed,11/26/2015 09:47:44 PM,The Police Department responded to the complaint and took action to fix the condition.,11/26/2015 02:10:31 PM,02 MANHATTAN,MANHATTAN,982923,202913,Unspecified,MANHATTAN,Unspecified,Unspecified,Unspecified,Unspecified,Unspecified,Unspecified,Unspecified,Unspecified,Unspecified,N,,,,,,,,,,,,40.723625921757765,-74.00478745841919,"(40.723625921757765, -74.00478745841919)"
32075869,11/26/2015 03:17:40 PM,11/26/2015 03:35:06 PM,NYPD,New York City Police Department,Traffic,Congestion/Gridlock,Street/Sidewalk,10013,,,,,WEST STREET,CANAL STREET,INTERSECTION,NEW YORK,,Precinct,Closed,11/26/2015 11:17:40 PM,The Police Department responded to the complaint and took action to fix the condition.,11/26/2015 03:35:06 PM,01 MANHATTAN,MANHATTAN,981194,203703,Unspecified,MANHATTAN,Unspecified,Unspecified,Unspecified,Unspecified,Unspecified,Unspecified,Unspecified,Unspecified,Unspecified,N,,,,,,,,,,,,40.725793851729485,-74.01102558319987,"(40.725793851729485, -74.01102558319987)"
32075910,11/26/2015 03:07:38 PM,11/26/2015 05:02:46 PM,NYPD,New York City Police Department,Traffic,Congestion/Gridlock,Street/Sidewalk,10012,,,,,BROOME STREET,BROADWAY,INTERSECTION,NEW YORK,,Precinct,Closed,11/26/2015 11:07:38 PM,The Police Department reviewed your complaint and provided additional information below.,11/26/2015 05:02:46 PM,02 MANHATTAN,MANHATTAN,984291,202245,Unspecified,MANHATTAN,Unspecified,Unspecified,Unspecified,Unspecified,Unspecified,Unspecified,Unspecified,Unspecified,Unspecified,N,,,,,,,,,,,,40.72179252277204,-73.9998520871173,"(40.72179252277204, -73.9998520871173)"
32075911,11/26/2015 03:54:05 PM,11/26/2015 05:00:38 PM,NYPD,New York City Police Department,Traffic,Congestion/Gridlock,Street/Sidewalk,10013,,,,,CANAL STREET,LAFAYETTE STREET,INTERSECTION,NEW YORK,,Precinct,Closed,11/26/2015 11:54:05 PM,The Police Department reviewed your complaint and provided additional information below.,11/26/2015 05:00:38 PM,01 MANHATTAN,MANHATTAN,984103,201020,Unspecified,MANHATTAN,Unspecified,Unspecified,Unspecified,Unspecified,Unspecified,Unspecified,Unspecified,Unspecified,Unspecified,N,,,,,,,,,,,,40.71843019177559,-74.00053029504515,"(40.71843019177559, -74.00053029504515)"
32076427,11/26/2015 02:17:09 PM,11/26/2015 02:49:35 PM,NYPD,New York City Police Department,Traffic,Congestion/Gridlock,Street/Sidewalk,10013,,,,,WEST SIDE HIGHWAY,CANAL STREET,INTERSECTION,NEW YORK,,Precinct,Closed,11/26/2015 10:17:09 PM,The Police Department responded to the complaint and took action to fix the condition.,11/26/2015 02:49:35 PM,01 MANHATTAN,MANHATTAN,981152,203476,Unspecified,MANHATTAN,Unspecified,Unspecified,Unspecified,Unspecified,Unspecified,Unspecified,Unspecified,Unspecified,Unspecified,N,,,,,,,,,,,,40.725170777266726,-74.01117700831195,"(40.725170777266726, -74.01117700831195)"
32076400,11/26/2015 03:38:35 PM,11/26/2015 05:12:15 PM,NYPD,New York City Police Department,Traffic,Congestion/Gridlock,Roadway Tunnel,10006,,,,,,,,NEW YORK,,Precinct,Closed,11/26/2015 11:38:35 PM,The Police Department responded to the complaint and with the information available observed no evidence of the violation at that time.,11/26/2015 05:12:15 PM,01 MANHATTAN,MANHATTAN,979943,197079,Unspecified,MANHATTAN,Unspecified,Unspecified,Unspecified,Unspecified,Unspecified,Unspecified,Unspecified,Unspecified,Unspecified,N,,,,,West Street,North Bound,N/A,N/A,,,,40.707612039013526,-74.0155347626359,"(40.707612039013526, -74.0155347626359)"
32076428,11/26/2015 12:22:22 PM,11/26/2015 12:53:51 PM,NYPD,New York City Police Department,Traffic,Congestion/Gridlock,Street/Sidewalk,10013,,,,,WEST STREET,CANAL STREET,INTERSECTION,NEW YORK,,Precinct,Closed,11/26/2015 08:22:22 PM,The Police Department responded to the complaint and determined that police action was not necessary.,11/26/2015 12:53:51 PM,01 MANHATTAN,MANHATTAN,981194,203703,Unspecified,MANHATTAN,Unspecified,Unspecified,Unspecified,Unspecified,Unspecified,Unspecified,Unspecified,Unspecified,Unspecified,N,,,,,,,,,,,,40.725793851729485,-74.01102558319987,"(40.725793851729485, -74.01102558319987)"
32076448,11/26/2015 03:08:46 PM,11/26/2015 03:36:09 PM,NYPD,New York City Police Department,Traffic,Congestion/Gridlock,Street/Sidewalk,10013,,,,,BROOME STREET,WEST BROADWAY,INTERSECTION,NEW YORK,,Precinct,Closed,11/26/2015 11:08:46 PM,The Police Department responded to the complaint and took action to fix the condition.,11/26/2015 03:36:09 PM,02 MANHATTAN,MANHATTAN,983424,202797,Unspecified,MANHATTAN,Unspecified,Unspecified,Unspecified,Unspecified,Unspecified,Unspecified,Unspecified,Unspecified,Unspecified,N,,,,,,,,,,,,40.7233075908167,-74.00297997118642,"(40.7233075908167, -74.00297997118642)"
32076449,11/26/2015 01:31:23 PM,11/26/2015 04:31:02 PM,NYPD,New York City Police Department,Traffic,Congestion/Gridlock,Street/Sidewalk,10018,,,,,11 AVENUE,WEST   40 STREET,INTERSECTION,NEW YORK,,Precinct,Closed,11/26/2015 09:31:23 PM,The Police Department responded to the complaint and determined that police action was not necessary.,11/26/2015 04:31:02 PM,04 MANHATTAN,MANHATTAN,984460,215993,Unspecified,MANHATTAN,Unspecified,Unspecified,Unspecified,Unspecified,Unspecified,Unspecified,Unspecified,Unspecified,Unspecified,N,,,,,,,,,,,,40.75952736086398,-73.9992419682311,"(40.75952736086398, -73.9992419682311)"
32076450,11/26/2015 03:35:35 PM,11/26/2015 05:00:39 PM,NYPD,New York City Police Department,Traffic,Chronic Stoplight Violation,Street/Sidewalk,10013,,,,,CENTRE STREET,CANAL STREET,INTERSECTION,NEW YORK,,Precinct,Closed,11/26/2015 11:35:35 PM,The Police Department reviewed your complaint and provided additional information below.,11/26/2015 05:00:40 PM,01 MANHATTAN,MANHATTAN,984262,200870,Unspecified,MANHATTAN,Unspecified,Unspecified,Unspecified,Unspecified,Unspecified,Unspecified,Unspecified,Unspecified,Unspecified,N,,,,,,,,,,,,40.71801847902286,-73.99995671087599,"(40.71801847902286, -73.99995671087599)"
32076492,11/26/2015 02:15:36 PM,11/26/2015 02:36:43 PM,NYPD,New York City Police Department,Traffic,Congestion/Gridlock,Street/Sidewalk,10013,,,,,CANAL STREET,CENTRE STREET,INTERSECTION,NEW YORK,,Precinct,Closed,11/26/2015 10:15:36 PM,The Police Department responded to the complaint and determined that police action was not necessary.,11/26/2015 02:36:44 PM,01 MANHATTAN,MANHATTAN,984262,200870,Unspecified,MANHATTAN,Unspecified,Unspecified,Unspecified,Unspecified,Unspecified,Unspecified,Unspecified,Unspecified,Unspecified,N,,,,,,,,,,,,40.71801847902286,-73.99995671087599,"(40.71801847902286, -73.99995671087599)"
32076493,11/26/2015 01:59:55 PM,11/26/2015 02:34:40 PM,NYPD,New York City Police Department,Traffic,Congestion/Gridlock,Street/Sidewalk,10013,,,,,CANAL STREET,LAFAYETTE STREET,INTERSECTION,NEW YORK,,Precinct,Closed,11/26/2015 09:59:55 PM,The Police Department responded to the complaint and determined that police action was not necessary.,11/26/2015 02:34:40 PM,01 MANHATTAN,MANHATTAN,984103,201020,Unspecified,MANHATTAN,Unspecified,Unspecified,Unspecified,Unspecified,Unspecified,Unspecified,Unspecified,Unspecified,Unspecified,N,,,,,,,,,,,,40.71843019177559,-74.00053029504515,"(40.71843019177559, -74.00053029504515)"
32076985,11/26/2015 12:24:54 PM,11/26/2015 01:24:24 PM,NYPD,New York City Police Department,Traffic,Congestion/Gridlock,Highway,10029,,,,,,,,NEW YORK,,Precinct,Closed,11/26/2015 08:24:54 PM,The Police Department reviewed your complaint and provided additional information below.,11/26/2015 01:24:24 PM,11 MANHATTAN,MANHATTAN,1001691,227032,Unspecified,MANHATTAN,Unspecified,Unspecified,Unspecified,Unspecified,Unspecified,Unspecified,Unspecified,Unspecified,Unspecified,N,,,,,FDR Dr,Northbound/Uptown,Roadway,East 96th St (Exit 14) - Triborough Br (Exit 17),,,,40.78980931228038,-73.93701501629278,"(40.78980931228038, -73.93701501629278)"
32077022,11/26/2015 01:22:35 PM,11/26/2015 03:05:35 PM,NYPD,New York City Police Department,Traffic,Congestion/Gridlock,Street/Sidewalk,10001,,,7 AVENUE,8 AVENUE,,,PLACENAME,NEW YORK,MADISON SQUARE GARDEN,Precinct,Closed,11/26/2015 09:22:35 PM,The Police Department responded to the complaint and took action to fix the condition.,11/26/2015 03:05:36 PM,05 MANHATTAN,MANHATTAN,986087,212695,Unspecified,MANHATTAN,Unspecified,Unspecified,Unspecified,Unspecified,Unspecified,Unspecified,Unspecified,Unspecified,Unspecified,N,,,,,,,,,,,,40.75047500123587,-73.99336992791751,"(40.75047500123587, -73.99336992791751)"
32077042,11/26/2015 01:49:12 PM,11/26/2015 02:30:27 PM,NYPD,New York City Police Department,Traffic,Congestion/Gridlock,Street/Sidewalk,10013,,,,,CANAL STREET,LAFAYETTE STREET,INTERSECTION,NEW YORK,,Precinct,Closed,11/26/2015 09:49:12 PM,The Police Department responded to the complaint and determined that police action was not necessary.,11/26/2015 02:30:27 PM,01 MANHATTAN,MANHATTAN,984103,201020,Unspecified,MANHATTAN,Unspecified,Unspecified,Unspecified,Unspecified,Unspecified,Unspecified,Unspecified,Unspecified,Unspecified,N,,,,,,,,,,,,40.71843019177559,-74.00053029504515,"(40.71843019177559, -74.00053029504515)"
32077054,11/26/2015 02:57:14 PM,11/26/2015 03:19:20 PM,NYPD,New York City Police Department,Traffic,Congestion/Gridlock,Street/Sidewalk,10013,,,,,HUDSON STREET,NORTH MOORE STREET,INTERSECTION,NEW YORK,,Precinct,Closed,11/26/2015 10:57:14 PM,The Police Department responded to the complaint and took action to fix the condition.,11/26/2015 03:19:21 PM,01 MANHATTAN,MANHATTAN,981871,201575,Unspecified,MANHATTAN,Unspecified,Unspecified,Unspecified,Unspecified,Unspecified,Unspecified,Unspecified,Unspecified,Unspecified,N,,,,,,,,,,,,40.719953214596316,-74.00858231798425,"(40.719953214596316, -74.00858231798425)"
32077055,11/26/2015 02:12:43 PM,11/26/2015 02:30:25 PM,NYPD,New York City Police Department,Traffic,Congestion/Gridlock,Street/Sidewalk,10013,,,,,WEST SIDE HIGHWAY,CANAL STREET,INTERSECTION,NEW YORK,,Precinct,Closed,11/26/2015 10:12:43 PM,The Police Department responded to the complaint and took action to fix the condition.,11/26/2015 02:30:25 PM,01 MANHATTAN,MANHATTAN,981152,203476,Unspecified,MANHATTAN,Unspecified,Unspecified,Unspecified,Unspecified,Unspecified,Unspecified,Unspecified,Unspecified,Unspecified,N,,,,,,,,,,,,40.725170777266726,-74.01117700831195,"(40.725170777266726, -74.01117700831195)"
32077134,11/26/2015 03:06:25 PM,11/26/2015 03:36:11 PM,NYPD,New York City Police Department,Traffic,Congestion/Gridlock,Street/Sidewalk,10013,,,,,WEST STREET,CANAL STREET,INTERSECTION,NEW YORK,,Precinct,Closed,11/26/2015 11:06:25 PM,The Police Department responded to the complaint and took action to fix the condition.,11/26/2015 03:36:11 PM,01 MANHATTAN,MANHATTAN,981152,203476,Unspecified,MANHATTAN,Unspecified,Unspecified,Unspecified,Unspecified,Unspecified,Unspecified,Unspecified,Unspecified,Unspecified,N,,,,,,,,,,,,40.725170777266726,-74.01117700831195,"(40.725170777266726, -74.01117700831195)"
32077621,11/26/2015 12:34:56 PM,11/26/2015 04:31:03 PM,NYPD,New York City Police Department,Traffic,Congestion/Gridlock,Street/Sidewalk,10036,,,,,WEST   42 STREET,11 AVENUE,INTERSECTION,NEW YORK,,Precinct,Closed,11/26/2015 08:34:56 PM,The Police Department responded to the complaint and determined that police action was not necessary.,11/26/2015 04:31:03 PM,04 MANHATTAN,MANHATTAN,984717,216465,Unspecified,MANHATTAN,Unspecified,Unspecified,Unspecified,Unspecified,Unspecified,Unspecified,Unspecified,Unspecified,Unspecified,N,,,,,,,,,,,,40.76082287001736,-73.99831424894528,"(40.76082287001736, -73.99831424894528)"
32077629,11/26/2015 04:49:29 PM,11/26/2015 05:58:25 PM,NYPD,New York City Police Department,Traffic,Congestion/Gridlock,Street/Sidewalk,10013,,,,,CANAL STREET,WEST STREET,INTERSECTION,NEW YORK,,Precinct,Closed,11/27/2015 12:49:29 AM,The Police Department responded to the complaint and with the information available observed no evidence of the violation at that time.,11/26/2015 05:58:25 PM,01 MANHATTAN,MANHATTAN,981194,203703,Unspecified,MANHATTAN,Unspecified,Unspecified,Unspecified,Unspecified,Unspecified,Unspecified,Unspecified,Unspecified,Unspecified,N,,,,,,,,,,,,40.725793851729485,-74.01102558319987,"(40.725793851729485, -74.01102558319987)"
32077630,11/26/2015 05:11:43 PM,11/26/2015 05:59:30 PM,NYPD,New York City Police Department,Traffic,Congestion/Gridlock,Street/Sidewalk,10013,,,,,HUDSON STREET,CANAL STREET,INTERSECTION,NEW YORK,,Precinct,Closed,11/27/2015 01:11:43 AM,The Police Department responded to the complaint and with the information available observed no evidence of the violation at that time.,11/26/2015 05:59:30 PM,02 MANHATTAN,MANHATTAN,982057,202940,Unspecified,MANHATTAN,Unspecified,Unspecified,Unspecified,Unspecified,Unspecified,Unspecified,Unspecified,Unspecified,Unspecified,N,,,,,,,,,,,,40.72369985791985,-74.00791176184632,"(40.72369985791985, -74.00791176184632)"
32077682,11/26/2015 01:49:01 PM,11/26/2015 02:12:36 PM,NYPD,New York City Police Department,Traffic,Congestion/Gridlock,Street/Sidewalk,10013,462 BROOME STREET,BROOME STREET,MERCER STREET,GREENE STREET,,,ADDRESS,NEW YORK,,Precinct,Closed,11/26/2015 09:49:01 PM,The Police Department responded to the complaint and took action to fix the condition.,11/26/2015 02:12:36 PM,02 MANHATTAN,MANHATTAN,983956,202464,Unspecified,MANHATTAN,Unspecified,Unspecified,Unspecified,Unspecified,Unspecified,Unspecified,Unspecified,Unspecified,Unspecified,N,,,,,,,,,,,,40.72239362005925,-74.00106065316425,"(40.72239362005925, -74.00106065316425)"
32077736,11/26/2015 03:10:17 PM,11/26/2015 05:01:43 PM,NYPD,New York City Police Department,Traffic,Congestion/Gridlock,Street/Sidewalk,10012,,,,,BROOME STREET,BROADWAY,INTERSECTION,NEW YORK,,Precinct,Closed,11/26/2015 11:10:17 PM,The Police Department reviewed your complaint and provided additional information below.,11/26/2015 05:01:43 PM,02 MANHATTAN,MANHATTAN,984291,202245,Unspecified,MANHATTAN,Unspecified,Unspecified,Unspecified,Unspecified,Unspecified,Unspecified,Unspecified,Unspecified,Unspecified,N,,,,,,,,,,,,40.72179252277204,-73.9998520871173,"(40.72179252277204, -73.9998520871173)"
32078227,11/26/2015 03:07:41 PM,11/26/2015 03:36:10 PM,NYPD,New York City Police Department,Traffic,Congestion/Gridlock,Street/Sidewalk,10013,,,,,CANAL STREET,6 AVENUE,INTERSECTION,NEW YORK,,Precinct,Closed,11/26/2015 11:07:41 PM,The Police Department responded to the complaint and took action to fix the condition.,11/26/2015 03:36:10 PM,01 MANHATTAN,MANHATTAN,982778,202257,Unspecified,MANHATTAN,Unspecified,Unspecified,Unspecified,Unspecified,Unspecified,Unspecified,Unspecified,Unspecified,Unspecified,N,,,,,,,,,,,,40.7218253375007,-74.00531043586997,"(40.7218253375007, -74.00531043586997)"
32078333,11/26/2015 03:37:06 PM,11/26/2015 04:25:49 PM,NYPD,New York City Police Department,Traffic,Congestion/Gridlock,Street/Sidewalk,10040,,,,,FORT GEORGE AVENUE,SAINT NICHLAS AVENUE,INTERSECTION,NEW YORK,,Precinct,Closed,11/26/2015 11:37:06 PM,The Police Department responded to the complaint and took action to fix the condition.,11/26/2015 04:25:49 PM,12 MANHATTAN,MANHATTAN,1004094,251444,Unspecified,MANHATTAN,Unspecified,Unspecified,Unspecified,Unspecified,Unspecified,Unspecified,Unspecified,Unspecified,Unspecified,N,,,,,,,,,,,,40.85680823776297,-73.92826482905474,"(40.85680823776297, -73.92826482905474)"
32078867,11/26/2015 01:18:14 PM,11/26/2015 01:25:27 PM,NYPD,New York City Police Department,Traffic,Congestion/Gridlock,Street/Sidewalk,10013,,,,,CANAL STREET,WEST SIDE HIGHWAY,INTERSECTION,NEW YORK,,Precinct,Closed,11/26/2015 09:18:14 PM,The Police Department responded to the complaint and took action to fix the condition.,11/26/2015 01:25:27 PM,01 MANHATTAN,MANHATTAN,981152,203476,Unspecified,MANHATTAN,Unspecified,Unspecified,Unspecified,Unspecified,Unspecified,Unspecified,Unspecified,Unspecified,Unspecified,N,,,,,,,,,,,,40.725170777266726,-74.01117700831195,"(40.725170777266726, -74.01117700831195)"
32078875,11/26/2015 01:23:20 PM,11/26/2015 01:38:03 PM,NYPD,New York City Police Department,Traffic,Congestion/Gridlock,Street/Sidewalk,10013,,,,,CANAL STREET,WEST SIDE HIGHWAY,INTERSECTION,NEW YORK,,Precinct,Closed,11/26/2015 09:23:20 PM,The Police Department responded to the complaint and took action to fix the condition.,11/26/2015 01:38:03 PM,01 MANHATTAN,MANHATTAN,981194,203703,Unspecified,MANHATTAN,Unspecified,Unspecified,Unspecified,Unspecified,Unspecified,Unspecified,Unspecified,Unspecified,Unspecified,N,,,,,,,,,,,,40.725793851729485,-74.01102558319987,"(40.725793851729485, -74.01102558319987)"
32088764,11/28/2015 10:19:49 AM,11/28/2015 04:12:15 PM,NYPD,New York City Police Department,Traffic,Congestion/Gridlock,Street/Sidewalk,10024,WEST 85 STREET,WEST 85 STREET,CENTRAL PARK WEST,COLUMBUS AVENUE,,,BLOCKFACE,NEW YORK,,Precinct,Closed,11/28/2015 06:19:49 PM,The Police Department responded and upon arrival those responsible for the condition were gone.,11/28/2015 04:12:15 PM,07 MANHATTAN,MANHATTAN,992211,225350,Unspecified,MANHATTAN,Unspecified,Unspecified,Unspecified,Unspecified,Unspecified,Unspecified,Unspecified,Unspecified,Unspecified,N,,,,,,,,,,,,40.78520629729507,-73.97125229310203,"(40.78520629729507, -73.97125229310203)"
32091915,11/29/2015 06:21:58 PM,11/29/2015 10:54:11 PM,NYPD,New York City Police Department,Traffic,Chronic Stoplight Violation,Street/Sidewalk,10028,,,,,EAST   83 STREET,2 AVENUE,INTERSECTION,NEW YORK,,Precinct,Closed,11/30/2015 02:21:58 AM,The Police Department responded and upon arrival those responsible for the condition were gone.,11/29/2015 10:54:11 PM,08 MANHATTAN,MANHATTAN,997221,221970,Unspecified,MANHATTAN,Unspecified,Unspecified,Unspecified,Unspecified,Unspecified,Unspecified,Unspecified,Unspecified,Unspecified,N,,,,,,,,,,,,40.77592316061583,-73.95316737408258,"(40.77592316061583, -73.95316737408258)"
